1036,데이터베이스에 없음
1041,데이터베이스에 없음
1046,데이터베이스에 없음
1048,데이터베이스에 없음
1049,데이터베이스에 없음
1050,데이터베이스에 없음
1052,데이터베이스에 없음
1055,데이터베이스에 없음
1057,데이터베이스에 없음
1059,데이터베이스에 없음
1060,데이터베이스에 없음
1060,데이터베이스에 없음
1062,데이터베이스에 없음
1068,데이터베이스에 없음
1069,데이터베이스에 없음
1070,데이터베이스에 없음
1072,데이터베이스에 없음
1073,데이터베이스에 없음
1073,데이터베이스에 없음
1075,데이터베이스에 없음
1076,데이터베이스에 없음
1081,데이터베이스에 없음
1082,데이터베이스에 없음
1084,데이터베이스에 없음
1087,데이터베이스에 없음
1087,데이터베이스에 없음
1088,데이터베이스에 없음
1088,데이터베이스에 없음
1089,데이터베이스에 없음
1093,데이터베이스에 없음
1095,데이터베이스에 없음
1097,데이터베이스에 없음
1099,데이터베이스에 없음
1099,데이터베이스에 없음
1119,데이터베이스에 없음
1126,데이터베이스에 없음
1128,데이터베이스에 없음
1129,데이터베이스에 없음
1135,데이터베이스에 없음
1136,데이터베이스에 없음
1137,데이터베이스에 없음
1137,데이터베이스에 없음
1138,데이터베이스에 없음
1139,데이터베이스에 없음
1141,데이터베이스에 없음
1142,데이터베이스에 없음
1143,데이터베이스에 없음
1145,데이터베이스에 없음
1147,데이터베이스에 없음
1147,데이터베이스에 없음
1148,데이터베이스에 없음
1149,데이터베이스에 없음
1150,데이터베이스에 없음
1154,데이터베이스에 없음
1155,데이터베이스에 없음
1157,데이터베이스에 없음
1158,데이터베이스에 없음
1159,데이터베이스에 없음
1160,데이터베이스에 없음
1161,데이터베이스에 없음
1162,데이터베이스에 없음
1162,데이터베이스에 없음
1163,데이터베이스에 없음
1163,데이터베이스에 없음
1164,데이터베이스에 없음
1167,데이터베이스에 없음
1168,데이터베이스에 없음
1168,데이터베이스에 없음
1168,데이터베이스에 없음
1169,데이터베이스에 없음
1169,데이터베이스에 없음
1170,데이터베이스에 없음
1172,데이터베이스에 없음
1173,데이터베이스에 없음
1174,데이터베이스에 없음
1175,데이터베이스에 없음
1175,데이터베이스에 없음
1177,데이터베이스에 없음
1184,데이터베이스에 없음
1185,데이터베이스에 없음
1186,데이터베이스에 없음
1191,데이터베이스에 없음
1196,데이터베이스에 없음
1200,데이터베이스에 없음
1203,데이터베이스에 없음
1206,데이터베이스에 없음
1207,데이터베이스에 없음
1211,데이터베이스에 없음
1212,데이터베이스에 없음
1213,데이터베이스에 없음
1215,데이터베이스에 없음
1226,데이터베이스에 없음
1234,데이터베이스에 없음
1235,데이터베이스에 없음
1236,데이터베이스에 없음
1237,데이터베이스에 없음
1242,데이터베이스에 없음
1243,데이터베이스에 없음
1244,데이터베이스에 없음
1245,데이터베이스에 없음
1245,데이터베이스에 없음
1246,데이터베이스에 없음
1247,데이터베이스에 없음
1248,데이터베이스에 없음
1248,데이터베이스에 없음
1250,데이터베이스에 없음
1251,데이터베이스에 없음
1252,데이터베이스에 없음
1252,데이터베이스에 없음
1253,데이터베이스에 없음
1254,데이터베이스에 없음
1254,데이터베이스에 없음
1255,데이터베이스에 없음
1256,데이터베이스에 없음
1256,데이터베이스에 없음
1257,데이터베이스에 없음
1258,데이터베이스에 없음
1261,데이터베이스에 없음
1262,데이터베이스에 없음
1263,데이터베이스에 없음
1263,데이터베이스에 없음
1264,데이터베이스에 없음
1265,데이터베이스에 없음
1266,데이터베이스에 없음
1267,데이터베이스에 없음
1268,데이터베이스에 없음
1269,데이터베이스에 없음
1269,데이터베이스에 없음
1271,데이터베이스에 없음
1272,데이터베이스에 없음
1274,데이터베이스에 없음
1275,데이터베이스에 없음
1277,데이터베이스에 없음
1278,데이터베이스에 없음
1278,데이터베이스에 없음
1279,데이터베이스에 없음
1279,데이터베이스에 없음
1280,데이터베이스에 없음
1280,데이터베이스에 없음
1281,데이터베이스에 없음
1281,데이터베이스에 없음
1282,데이터베이스에 없음
1284,데이터베이스에 없음
1284,데이터베이스에 없음
1285,데이터베이스에 없음
1286,데이터베이스에 없음
1287,데이터베이스에 없음
1288,데이터베이스에 없음
1288,데이터베이스에 없음
1289,데이터베이스에 없음
1290,데이터베이스에 없음
1290,데이터베이스에 없음
1292,데이터베이스에 없음
1293,데이터베이스에 없음
1293,데이터베이스에 없음
1294,데이터베이스에 없음
1294,데이터베이스에 없음
1297,데이터베이스에 없음
1298,데이터베이스에 없음
1299,데이터베이스에 없음
1299,데이터베이스에 없음
1300,데이터베이스에 없음
1301,데이터베이스에 없음
1301,데이터베이스에 없음
1305,데이터베이스에 없음
1305,데이터베이스에 없음
1306,데이터베이스에 없음
1306,데이터베이스에 없음
1307,데이터베이스에 없음
1308,데이터베이스에 없음
1311,데이터베이스에 없음
1312,데이터베이스에 없음
1312,데이터베이스에 없음
1313,데이터베이스에 없음
1314,데이터베이스에 없음
1315,데이터베이스에 없음
1316,데이터베이스에 없음
1317,데이터베이스에 없음
1318,데이터베이스에 없음
1319,데이터베이스에 없음
1320,데이터베이스에 없음
1321,데이터베이스에 없음
1322,데이터베이스에 없음
1323,데이터베이스에 없음
1325,데이터베이스에 없음
1326,데이터베이스에 없음
1327,데이터베이스에 없음
1328,데이터베이스에 없음
1329,데이터베이스에 없음
1330,데이터베이스에 없음
1330,데이터베이스에 없음
1331,데이터베이스에 없음
1331,데이터베이스에 없음
1332,데이터베이스에 없음
1333,데이터베이스에 없음
1334,데이터베이스에 없음
1334,데이터베이스에 없음
1334,데이터베이스에 없음
1335,데이터베이스에 없음
1336,데이터베이스에 없음
1337,데이터베이스에 없음
1338,데이터베이스에 없음
1342,데이터베이스에 없음
1345,데이터베이스에 없음
1349,데이터베이스에 없음
1350,데이터베이스에 없음
1352,데이터베이스에 없음
1357,데이터베이스에 없음
1360,데이터베이스에 없음
1361,데이터베이스에 없음
1361,데이터베이스에 없음
1362,데이터베이스에 없음
1363,데이터베이스에 없음
1363,데이터베이스에 없음
1364,데이터베이스에 없음
1364,데이터베이스에 없음
1368,데이터베이스에 없음
1368,데이터베이스에 없음
1369,데이터베이스에 없음
1370,데이터베이스에 없음
1374,데이터베이스에 없음
1375,데이터베이스에 없음
1377,데이터베이스에 없음
1381,데이터베이스에 없음
1381,데이터베이스에 없음
1382,데이터베이스에 없음
1382,데이터베이스에 없음
1384,데이터베이스에 없음
1384,데이터베이스에 없음
1385,데이터베이스에 없음
1386,데이터베이스에 없음
1389,데이터베이스에 없음
1391,데이터베이스에 없음
1392,데이터베이스에 없음
1393,데이터베이스에 없음
1393,데이터베이스에 없음
1395,데이터베이스에 없음
1398,데이터베이스에 없음
1398,데이터베이스에 없음
1399,데이터베이스에 없음
1402,데이터베이스에 없음
1403,데이터베이스에 없음
1403,데이터베이스에 없음
1404,데이터베이스에 없음
1404,데이터베이스에 없음
1407,데이터베이스에 없음
1407,데이터베이스에 없음
1408,데이터베이스에 없음
1410,데이터베이스에 없음
1413,데이터베이스에 없음
1414,데이터베이스에 없음
1417,데이터베이스에 없음
1417,데이터베이스에 없음
1419,데이터베이스에 없음
1419,데이터베이스에 없음
1420,데이터베이스에 없음
1420,데이터베이스에 없음
1422,데이터베이스에 없음
1422,데이터베이스에 없음
1423,데이터베이스에 없음
1423,데이터베이스에 없음
1424,데이터베이스에 없음
1425,데이터베이스에 없음
1425,데이터베이스에 없음
1429,데이터베이스에 없음
1429,데이터베이스에 없음
1430,데이터베이스에 없음
1431,데이터베이스에 없음
1431,데이터베이스에 없음
1432,데이터베이스에 없음
1432,데이터베이스에 없음
1433,데이터베이스에 없음
1433,데이터베이스에 없음
1434,데이터베이스에 없음
1434,데이터베이스에 없음
1436,데이터베이스에 없음
1437,데이터베이스에 없음
1438,데이터베이스에 없음
1438,데이터베이스에 없음
1439,데이터베이스에 없음
1443,데이터베이스에 없음
1444,데이터베이스에 없음
1445,데이터베이스에 없음
1446,데이터베이스에 없음
1447,데이터베이스에 없음
1447,데이터베이스에 없음
1448,데이터베이스에 없음
1448,데이터베이스에 없음
1449,데이터베이스에 없음
1450,데이터베이스에 없음
1450,데이터베이스에 없음
1451,데이터베이스에 없음
1453,데이터베이스에 없음
1454,데이터베이스에 없음
1458,데이터베이스에 없음
1460,데이터베이스에 없음
1461,데이터베이스에 없음
1462,데이터베이스에 없음
1463,데이터베이스에 없음
1464,데이터베이스에 없음
1465,데이터베이스에 없음
1465,데이터베이스에 없음
1467,데이터베이스에 없음
1468,데이터베이스에 없음
1469,데이터베이스에 없음
1470,데이터베이스에 없음
1471,데이터베이스에 없음
1472,데이터베이스에 없음
1473,데이터베이스에 없음
1474,데이터베이스에 없음
1475,데이터베이스에 없음
1475,데이터베이스에 없음
1476,데이터베이스에 없음
1476,데이터베이스에 없음
1477,데이터베이스에 없음
1477,데이터베이스에 없음
1478,데이터베이스에 없음
1479,데이터베이스에 없음
1479,데이터베이스에 없음
1481,데이터베이스에 없음
1482,데이터베이스에 없음
1482,데이터베이스에 없음
1483,데이터베이스에 없음
1484,데이터베이스에 없음
1485,데이터베이스에 없음
1486,데이터베이스에 없음
1487,데이터베이스에 없음
1489,데이터베이스에 없음
1490,데이터베이스에 없음
1491,데이터베이스에 없음
1492,데이터베이스에 없음
1492,데이터베이스에 없음
1493,데이터베이스에 없음
1495,데이터베이스에 없음
1496,데이터베이스에 없음
1497,데이터베이스에 없음
1497,데이터베이스에 없음
1499,데이터베이스에 없음
1500,데이터베이스에 없음
1500,데이터베이스에 없음
1501,데이터베이스에 없음
1502,데이터베이스에 없음
1504,데이터베이스에 없음
1505,데이터베이스에 없음
1505,데이터베이스에 없음
1506,데이터베이스에 없음
1506,데이터베이스에 없음
1507,데이터베이스에 없음
1509,데이터베이스에 없음
1510,데이터베이스에 없음
1514,데이터베이스에 없음
1515,데이터베이스에 없음
1515,데이터베이스에 없음
1516,데이터베이스에 없음
1518,데이터베이스에 없음
1519,데이터베이스에 없음
1521,데이터베이스에 없음
1521,데이터베이스에 없음
1522,데이터베이스에 없음
1523,데이터베이스에 없음
1523,데이터베이스에 없음
1525,데이터베이스에 없음
1526,데이터베이스에 없음
1529,데이터베이스에 없음
1531,데이터베이스에 없음
1531,데이터베이스에 없음
1532,데이터베이스에 없음
1533,데이터베이스에 없음
1534,데이터베이스에 없음
1535,데이터베이스에 없음
1537,데이터베이스에 없음
1538,데이터베이스에 없음
1542,데이터베이스에 없음
1543,데이터베이스에 없음
1544,데이터베이스에 없음
1545,데이터베이스에 없음
1546,데이터베이스에 없음
1547,데이터베이스에 없음
1548,데이터베이스에 없음
1549,데이터베이스에 없음
1551,데이터베이스에 없음
1552,데이터베이스에 없음
1555,데이터베이스에 없음
1555,데이터베이스에 없음
1556,데이터베이스에 없음
1558,데이터베이스에 없음
1560,데이터베이스에 없음
1561,데이터베이스에 없음
1561,데이터베이스에 없음
1563,데이터베이스에 없음
1565,데이터베이스에 없음
1565,데이터베이스에 없음
1566,데이터베이스에 없음
1567,데이터베이스에 없음
1568,데이터베이스에 없음
1569,데이터베이스에 없음
1569,데이터베이스에 없음
1570,데이터베이스에 없음
1572,데이터베이스에 없음
1574,데이터베이스에 없음
1574,데이터베이스에 없음
1575,데이터베이스에 없음
1576,데이터베이스에 없음
1578,데이터베이스에 없음
1580,데이터베이스에 없음
1580,데이터베이스에 없음
1581,데이터베이스에 없음
1583,데이터베이스에 없음
1584,데이터베이스에 없음
1585,데이터베이스에 없음
1586,데이터베이스에 없음
1586,데이터베이스에 없음
1587,데이터베이스에 없음
1588,데이터베이스에 없음
1590,데이터베이스에 없음
1591,데이터베이스에 없음
1592,데이터베이스에 없음
1592,데이터베이스에 없음
1594,데이터베이스에 없음
1595,데이터베이스에 없음
1596,데이터베이스에 없음
1597,데이터베이스에 없음
1598,데이터베이스에 없음
1599,데이터베이스에 없음
1601,데이터베이스에 없음
1602,데이터베이스에 없음
1604,데이터베이스에 없음
1604,데이터베이스에 없음
1605,데이터베이스에 없음
1606,데이터베이스에 없음
1610,데이터베이스에 없음
1613,데이터베이스에 없음
1614,데이터베이스에 없음
1616,데이터베이스에 없음
1617,데이터베이스에 없음
1618,데이터베이스에 없음
1621,데이터베이스에 없음
1622,데이터베이스에 없음
1624,데이터베이스에 없음
1626,데이터베이스에 없음
1627,데이터베이스에 없음
1628,데이터베이스에 없음
1036,데이터베이스에 없음
1041,데이터베이스에 없음
1046,데이터베이스에 없음
1048,데이터베이스에 없음
1049,데이터베이스에 없음
1050,데이터베이스에 없음
1052,데이터베이스에 없음
1055,데이터베이스에 없음
1057,데이터베이스에 없음
1059,데이터베이스에 없음
1060,데이터베이스에 없음
1060,데이터베이스에 없음
1062,데이터베이스에 없음
1068,데이터베이스에 없음
1069,데이터베이스에 없음
1070,데이터베이스에 없음
1072,데이터베이스에 없음
1073,데이터베이스에 없음
1073,데이터베이스에 없음
1075,데이터베이스에 없음
1076,데이터베이스에 없음
1081,데이터베이스에 없음
1082,데이터베이스에 없음
1084,데이터베이스에 없음
1087,데이터베이스에 없음
1087,데이터베이스에 없음
1088,데이터베이스에 없음
1088,데이터베이스에 없음
1089,데이터베이스에 없음
1093,데이터베이스에 없음
1095,데이터베이스에 없음
1097,데이터베이스에 없음
1099,데이터베이스에 없음
1099,데이터베이스에 없음
1119,데이터베이스에 없음
1126,데이터베이스에 없음
1128,데이터베이스에 없음
1129,데이터베이스에 없음
1135,데이터베이스에 없음
1136,데이터베이스에 없음
1137,데이터베이스에 없음
1137,데이터베이스에 없음
1138,데이터베이스에 없음
1139,데이터베이스에 없음
1141,데이터베이스에 없음
1142,데이터베이스에 없음
1143,데이터베이스에 없음
1145,데이터베이스에 없음
1147,데이터베이스에 없음
1147,데이터베이스에 없음
1148,데이터베이스에 없음
1149,데이터베이스에 없음
1150,데이터베이스에 없음
1154,데이터베이스에 없음
1155,데이터베이스에 없음
1157,데이터베이스에 없음
1158,데이터베이스에 없음
1159,데이터베이스에 없음
1160,데이터베이스에 없음
1161,데이터베이스에 없음
1162,데이터베이스에 없음
1162,데이터베이스에 없음
1163,데이터베이스에 없음
1163,데이터베이스에 없음
1164,데이터베이스에 없음
1167,데이터베이스에 없음
1168,데이터베이스에 없음
1168,데이터베이스에 없음
1168,데이터베이스에 없음
1169,데이터베이스에 없음
1169,데이터베이스에 없음
1170,데이터베이스에 없음
1172,데이터베이스에 없음
1173,데이터베이스에 없음
1174,데이터베이스에 없음
1175,데이터베이스에 없음
1175,데이터베이스에 없음
1177,데이터베이스에 없음
1184,데이터베이스에 없음
1185,데이터베이스에 없음
1186,데이터베이스에 없음
1191,데이터베이스에 없음
1196,데이터베이스에 없음
1200,데이터베이스에 없음
1203,데이터베이스에 없음
1206,데이터베이스에 없음
1207,데이터베이스에 없음
1211,데이터베이스에 없음
1212,데이터베이스에 없음
1213,데이터베이스에 없음
1215,데이터베이스에 없음
1226,데이터베이스에 없음
1234,데이터베이스에 없음
1235,데이터베이스에 없음
1236,데이터베이스에 없음
1237,데이터베이스에 없음
1242,데이터베이스에 없음
1243,데이터베이스에 없음
1244,데이터베이스에 없음
1245,데이터베이스에 없음
1245,데이터베이스에 없음
1246,데이터베이스에 없음
1247,데이터베이스에 없음
1248,데이터베이스에 없음
1248,데이터베이스에 없음
1250,데이터베이스에 없음
1251,데이터베이스에 없음
1252,데이터베이스에 없음
1252,데이터베이스에 없음
1253,데이터베이스에 없음
1254,데이터베이스에 없음
1254,데이터베이스에 없음
1255,데이터베이스에 없음
1256,데이터베이스에 없음
1256,데이터베이스에 없음
1257,데이터베이스에 없음
1258,데이터베이스에 없음
1261,데이터베이스에 없음
1262,데이터베이스에 없음
1263,데이터베이스에 없음
1263,데이터베이스에 없음
1264,데이터베이스에 없음
1265,데이터베이스에 없음
1266,데이터베이스에 없음
1267,데이터베이스에 없음
1268,데이터베이스에 없음
1269,데이터베이스에 없음
1269,데이터베이스에 없음
1271,데이터베이스에 없음
1272,데이터베이스에 없음
1274,데이터베이스에 없음
1275,데이터베이스에 없음
1277,데이터베이스에 없음
1278,데이터베이스에 없음
1278,데이터베이스에 없음
1279,데이터베이스에 없음
1279,데이터베이스에 없음
1280,데이터베이스에 없음
1280,데이터베이스에 없음
1281,데이터베이스에 없음
1281,데이터베이스에 없음
1282,데이터베이스에 없음
1284,데이터베이스에 없음
1284,데이터베이스에 없음
1285,데이터베이스에 없음
1286,데이터베이스에 없음
1287,데이터베이스에 없음
1288,데이터베이스에 없음
1288,데이터베이스에 없음
1289,데이터베이스에 없음
1290,데이터베이스에 없음
1290,데이터베이스에 없음
1292,데이터베이스에 없음
1293,데이터베이스에 없음
1293,데이터베이스에 없음
1294,데이터베이스에 없음
1294,데이터베이스에 없음
1297,데이터베이스에 없음
1298,데이터베이스에 없음
1299,데이터베이스에 없음
1299,데이터베이스에 없음
1300,데이터베이스에 없음
1301,데이터베이스에 없음
1301,데이터베이스에 없음
1305,데이터베이스에 없음
1305,데이터베이스에 없음
1306,데이터베이스에 없음
1306,데이터베이스에 없음
1307,데이터베이스에 없음
1308,데이터베이스에 없음
1311,데이터베이스에 없음
1312,데이터베이스에 없음
1312,데이터베이스에 없음
1313,데이터베이스에 없음
1314,데이터베이스에 없음
1315,데이터베이스에 없음
1316,데이터베이스에 없음
1317,데이터베이스에 없음
1318,데이터베이스에 없음
1319,데이터베이스에 없음
1320,데이터베이스에 없음
1321,데이터베이스에 없음
1322,데이터베이스에 없음
1323,데이터베이스에 없음
1325,데이터베이스에 없음
1326,데이터베이스에 없음
1327,데이터베이스에 없음
1328,데이터베이스에 없음
1329,데이터베이스에 없음
1330,데이터베이스에 없음
1330,데이터베이스에 없음
1331,데이터베이스에 없음
1331,데이터베이스에 없음
1332,데이터베이스에 없음
1333,데이터베이스에 없음
1334,데이터베이스에 없음
1334,데이터베이스에 없음
1334,데이터베이스에 없음
1335,데이터베이스에 없음
1336,데이터베이스에 없음
1337,데이터베이스에 없음
1338,데이터베이스에 없음
1342,데이터베이스에 없음
1345,데이터베이스에 없음
1349,데이터베이스에 없음
1350,데이터베이스에 없음
1352,데이터베이스에 없음
1357,데이터베이스에 없음
1360,데이터베이스에 없음
1361,데이터베이스에 없음
1361,데이터베이스에 없음
1362,데이터베이스에 없음
1363,데이터베이스에 없음
1363,데이터베이스에 없음
1364,데이터베이스에 없음
1364,데이터베이스에 없음
1368,데이터베이스에 없음
1368,데이터베이스에 없음
1369,데이터베이스에 없음
1370,데이터베이스에 없음
1374,데이터베이스에 없음
1375,데이터베이스에 없음
1377,데이터베이스에 없음
1381,데이터베이스에 없음
1381,데이터베이스에 없음
1382,데이터베이스에 없음
1382,데이터베이스에 없음
1384,데이터베이스에 없음
1384,데이터베이스에 없음
1385,데이터베이스에 없음
1386,데이터베이스에 없음
1389,데이터베이스에 없음
1391,데이터베이스에 없음
1392,데이터베이스에 없음
1393,데이터베이스에 없음
1393,데이터베이스에 없음
1395,데이터베이스에 없음
1398,데이터베이스에 없음
1398,데이터베이스에 없음
1399,데이터베이스에 없음
1402,데이터베이스에 없음
1403,데이터베이스에 없음
1403,데이터베이스에 없음
1404,데이터베이스에 없음
1404,데이터베이스에 없음
1407,데이터베이스에 없음
1407,데이터베이스에 없음
1408,데이터베이스에 없음
1410,데이터베이스에 없음
1413,데이터베이스에 없음
1414,데이터베이스에 없음
1417,데이터베이스에 없음
1417,데이터베이스에 없음
1419,데이터베이스에 없음
1419,데이터베이스에 없음
1420,데이터베이스에 없음
1420,데이터베이스에 없음
1422,데이터베이스에 없음
1422,데이터베이스에 없음
1423,데이터베이스에 없음
1423,데이터베이스에 없음
1424,데이터베이스에 없음
1425,데이터베이스에 없음
1425,데이터베이스에 없음
1429,데이터베이스에 없음
1429,데이터베이스에 없음
1430,데이터베이스에 없음
1431,데이터베이스에 없음
1431,데이터베이스에 없음
1432,데이터베이스에 없음
1432,데이터베이스에 없음
1433,데이터베이스에 없음
1433,데이터베이스에 없음
1434,데이터베이스에 없음
1434,데이터베이스에 없음
1436,데이터베이스에 없음
1437,데이터베이스에 없음
1438,데이터베이스에 없음
1438,데이터베이스에 없음
1439,데이터베이스에 없음
1443,데이터베이스에 없음
1444,데이터베이스에 없음
1445,데이터베이스에 없음
1446,데이터베이스에 없음
1447,데이터베이스에 없음
1447,데이터베이스에 없음
1448,데이터베이스에 없음
1448,데이터베이스에 없음
1449,데이터베이스에 없음
1450,데이터베이스에 없음
1450,데이터베이스에 없음
1451,데이터베이스에 없음
1453,데이터베이스에 없음
1454,데이터베이스에 없음
1458,데이터베이스에 없음
1460,데이터베이스에 없음
1461,데이터베이스에 없음
1462,데이터베이스에 없음
1463,데이터베이스에 없음
1464,데이터베이스에 없음
1465,데이터베이스에 없음
1465,데이터베이스에 없음
1467,데이터베이스에 없음
1468,데이터베이스에 없음
1469,데이터베이스에 없음
1470,데이터베이스에 없음
1471,데이터베이스에 없음
1472,데이터베이스에 없음
1473,데이터베이스에 없음
1474,데이터베이스에 없음
1475,데이터베이스에 없음
1475,데이터베이스에 없음
1476,데이터베이스에 없음
1476,데이터베이스에 없음
1477,데이터베이스에 없음
1477,데이터베이스에 없음
1478,데이터베이스에 없음
1479,데이터베이스에 없음
1479,데이터베이스에 없음
1481,데이터베이스에 없음
1482,데이터베이스에 없음
1482,데이터베이스에 없음
1483,데이터베이스에 없음
1484,데이터베이스에 없음
1485,데이터베이스에 없음
1486,데이터베이스에 없음
1487,데이터베이스에 없음
1489,데이터베이스에 없음
1490,데이터베이스에 없음
1491,데이터베이스에 없음
1492,데이터베이스에 없음
1492,데이터베이스에 없음
1493,데이터베이스에 없음
1495,데이터베이스에 없음
1496,데이터베이스에 없음
1497,데이터베이스에 없음
1497,데이터베이스에 없음
1499,데이터베이스에 없음
1500,데이터베이스에 없음
1500,데이터베이스에 없음
1501,데이터베이스에 없음
1502,데이터베이스에 없음
1504,데이터베이스에 없음
1505,데이터베이스에 없음
1505,데이터베이스에 없음
1506,데이터베이스에 없음
1506,데이터베이스에 없음
1507,데이터베이스에 없음
1509,데이터베이스에 없음
1510,데이터베이스에 없음
1514,데이터베이스에 없음
1515,데이터베이스에 없음
1515,데이터베이스에 없음
1516,데이터베이스에 없음
1518,데이터베이스에 없음
1519,데이터베이스에 없음
1521,데이터베이스에 없음
1521,데이터베이스에 없음
1522,데이터베이스에 없음
1523,데이터베이스에 없음
1523,데이터베이스에 없음
1525,데이터베이스에 없음
1526,데이터베이스에 없음
1529,데이터베이스에 없음
1531,데이터베이스에 없음
1531,데이터베이스에 없음
1532,데이터베이스에 없음
1533,데이터베이스에 없음
1534,데이터베이스에 없음
1535,데이터베이스에 없음
1537,데이터베이스에 없음
1538,데이터베이스에 없음
1542,데이터베이스에 없음
1543,데이터베이스에 없음
1544,데이터베이스에 없음
1545,데이터베이스에 없음
1546,데이터베이스에 없음
1547,데이터베이스에 없음
1548,데이터베이스에 없음
1549,데이터베이스에 없음
1551,데이터베이스에 없음
1552,데이터베이스에 없음
1555,데이터베이스에 없음
1555,데이터베이스에 없음
1556,데이터베이스에 없음
1558,데이터베이스에 없음
1560,데이터베이스에 없음
1561,데이터베이스에 없음
1561,데이터베이스에 없음
1563,데이터베이스에 없음
1565,데이터베이스에 없음
1565,데이터베이스에 없음
1566,데이터베이스에 없음
1567,데이터베이스에 없음
1568,데이터베이스에 없음
1569,데이터베이스에 없음
1569,데이터베이스에 없음
1570,데이터베이스에 없음
1572,데이터베이스에 없음
1574,데이터베이스에 없음
1574,데이터베이스에 없음
1575,데이터베이스에 없음
1576,데이터베이스에 없음
1578,데이터베이스에 없음
1580,데이터베이스에 없음
1580,데이터베이스에 없음
1581,데이터베이스에 없음
1583,데이터베이스에 없음
1584,데이터베이스에 없음
1585,데이터베이스에 없음
1586,데이터베이스에 없음
1586,데이터베이스에 없음
1587,데이터베이스에 없음
1588,데이터베이스에 없음
1590,데이터베이스에 없음
1591,데이터베이스에 없음
1592,데이터베이스에 없음
1592,데이터베이스에 없음
1594,데이터베이스에 없음
1595,데이터베이스에 없음
1596,데이터베이스에 없음
1597,데이터베이스에 없음
1598,데이터베이스에 없음
1599,데이터베이스에 없음
1601,데이터베이스에 없음
1602,데이터베이스에 없음
1604,데이터베이스에 없음
1604,데이터베이스에 없음
1605,데이터베이스에 없음
1606,데이터베이스에 없음
1610,데이터베이스에 없음
1613,데이터베이스에 없음
1614,데이터베이스에 없음
1616,데이터베이스에 없음
1617,데이터베이스에 없음
1618,데이터베이스에 없음
1621,데이터베이스에 없음
1622,데이터베이스에 없음
1624,데이터베이스에 없음
1626,데이터베이스에 없음
1627,데이터베이스에 없음
1628,데이터베이스에 없음
1036,데이터베이스에 없음
1041,데이터베이스에 없음
1046,데이터베이스에 없음
1048,데이터베이스에 없음
1049,데이터베이스에 없음
1050,데이터베이스에 없음
1052,데이터베이스에 없음
1055,데이터베이스에 없음
1057,데이터베이스에 없음
1059,데이터베이스에 없음
1060,데이터베이스에 없음
1060,데이터베이스에 없음
1062,데이터베이스에 없음
1068,데이터베이스에 없음
1069,데이터베이스에 없음
1070,데이터베이스에 없음
1072,데이터베이스에 없음
1073,데이터베이스에 없음
1073,데이터베이스에 없음
1075,데이터베이스에 없음
1076,데이터베이스에 없음
1081,데이터베이스에 없음
1082,데이터베이스에 없음
1084,데이터베이스에 없음
1087,데이터베이스에 없음
1087,데이터베이스에 없음
1088,데이터베이스에 없음
1088,데이터베이스에 없음
1089,데이터베이스에 없음
1093,데이터베이스에 없음
1095,데이터베이스에 없음
1097,데이터베이스에 없음
1099,데이터베이스에 없음
1099,데이터베이스에 없음
1119,데이터베이스에 없음
1126,데이터베이스에 없음
1128,데이터베이스에 없음
1129,데이터베이스에 없음
1135,데이터베이스에 없음
1136,데이터베이스에 없음
1137,데이터베이스에 없음
1137,데이터베이스에 없음
1138,데이터베이스에 없음
1139,데이터베이스에 없음
1141,데이터베이스에 없음
1142,데이터베이스에 없음
1143,데이터베이스에 없음
1145,데이터베이스에 없음
1147,데이터베이스에 없음
1147,데이터베이스에 없음
1148,데이터베이스에 없음
1149,데이터베이스에 없음
1150,데이터베이스에 없음
1154,데이터베이스에 없음
1155,데이터베이스에 없음
1157,데이터베이스에 없음
1158,데이터베이스에 없음
1159,데이터베이스에 없음
1160,데이터베이스에 없음
1161,데이터베이스에 없음
1162,데이터베이스에 없음
1162,데이터베이스에 없음
1163,데이터베이스에 없음
1163,데이터베이스에 없음
1164,데이터베이스에 없음
1167,데이터베이스에 없음
1168,데이터베이스에 없음
1168,데이터베이스에 없음
1168,데이터베이스에 없음
1169,데이터베이스에 없음
1169,데이터베이스에 없음
1170,데이터베이스에 없음
1172,데이터베이스에 없음
1173,데이터베이스에 없음
1174,데이터베이스에 없음
1175,데이터베이스에 없음
1175,데이터베이스에 없음
1177,데이터베이스에 없음
1184,데이터베이스에 없음
1185,데이터베이스에 없음
1186,데이터베이스에 없음
1191,데이터베이스에 없음
1196,데이터베이스에 없음
1200,데이터베이스에 없음
1203,데이터베이스에 없음
1206,데이터베이스에 없음
1207,데이터베이스에 없음
1211,데이터베이스에 없음
1212,데이터베이스에 없음
1213,데이터베이스에 없음
1215,데이터베이스에 없음
1226,데이터베이스에 없음
1234,데이터베이스에 없음
1235,데이터베이스에 없음
1236,데이터베이스에 없음
1237,데이터베이스에 없음
1242,데이터베이스에 없음
1243,데이터베이스에 없음
1244,데이터베이스에 없음
1245,데이터베이스에 없음
1245,데이터베이스에 없음
1246,데이터베이스에 없음
1247,데이터베이스에 없음
1248,데이터베이스에 없음
1248,데이터베이스에 없음
1250,데이터베이스에 없음
1251,데이터베이스에 없음
1252,데이터베이스에 없음
1252,데이터베이스에 없음
1253,데이터베이스에 없음
1254,데이터베이스에 없음
1254,데이터베이스에 없음
1255,데이터베이스에 없음
1256,데이터베이스에 없음
1256,데이터베이스에 없음
1257,데이터베이스에 없음
1258,데이터베이스에 없음
1261,데이터베이스에 없음
1262,데이터베이스에 없음
1263,데이터베이스에 없음
1263,데이터베이스에 없음
1264,데이터베이스에 없음
1265,데이터베이스에 없음
1266,데이터베이스에 없음
1267,데이터베이스에 없음
1268,데이터베이스에 없음
1269,데이터베이스에 없음
1269,데이터베이스에 없음
1271,데이터베이스에 없음
1272,데이터베이스에 없음
1274,데이터베이스에 없음
1275,데이터베이스에 없음
1277,데이터베이스에 없음
1278,데이터베이스에 없음
1278,데이터베이스에 없음
1279,데이터베이스에 없음
1279,데이터베이스에 없음
1280,데이터베이스에 없음
1280,데이터베이스에 없음
1281,데이터베이스에 없음
1281,데이터베이스에 없음
1282,데이터베이스에 없음
1284,데이터베이스에 없음
1284,데이터베이스에 없음
1285,데이터베이스에 없음
1286,데이터베이스에 없음
1287,데이터베이스에 없음
1288,데이터베이스에 없음
1288,데이터베이스에 없음
1289,데이터베이스에 없음
1290,데이터베이스에 없음
1290,데이터베이스에 없음
1292,데이터베이스에 없음
1293,데이터베이스에 없음
1293,데이터베이스에 없음
1294,데이터베이스에 없음
1294,데이터베이스에 없음
1297,데이터베이스에 없음
1298,데이터베이스에 없음
1299,데이터베이스에 없음
1299,데이터베이스에 없음
1300,데이터베이스에 없음
1301,데이터베이스에 없음
1301,데이터베이스에 없음
1305,데이터베이스에 없음
1305,데이터베이스에 없음
1306,데이터베이스에 없음
1306,데이터베이스에 없음
1307,데이터베이스에 없음
1308,데이터베이스에 없음
1311,데이터베이스에 없음
1312,데이터베이스에 없음
1312,데이터베이스에 없음
1313,데이터베이스에 없음
1314,데이터베이스에 없음
1315,데이터베이스에 없음
1316,데이터베이스에 없음
1317,데이터베이스에 없음
1318,데이터베이스에 없음
1319,데이터베이스에 없음
1320,데이터베이스에 없음
1321,데이터베이스에 없음
1322,데이터베이스에 없음
1323,데이터베이스에 없음
1325,데이터베이스에 없음
1326,데이터베이스에 없음
1327,데이터베이스에 없음
1328,데이터베이스에 없음
1329,데이터베이스에 없음
1330,데이터베이스에 없음
1330,데이터베이스에 없음
1331,데이터베이스에 없음
1331,데이터베이스에 없음
1332,데이터베이스에 없음
1333,데이터베이스에 없음
1334,데이터베이스에 없음
1334,데이터베이스에 없음
1334,데이터베이스에 없음
1335,데이터베이스에 없음
1336,데이터베이스에 없음
1337,데이터베이스에 없음
1338,데이터베이스에 없음
1342,데이터베이스에 없음
1345,데이터베이스에 없음
1349,데이터베이스에 없음
1350,데이터베이스에 없음
1352,데이터베이스에 없음
1357,데이터베이스에 없음
1360,데이터베이스에 없음
1361,데이터베이스에 없음
1361,데이터베이스에 없음
1362,데이터베이스에 없음
1363,데이터베이스에 없음
1363,데이터베이스에 없음
1364,데이터베이스에 없음
1364,데이터베이스에 없음
1368,데이터베이스에 없음
1368,데이터베이스에 없음
1369,데이터베이스에 없음
1370,데이터베이스에 없음
1374,데이터베이스에 없음
1375,데이터베이스에 없음
1377,데이터베이스에 없음
1381,데이터베이스에 없음
1381,데이터베이스에 없음
1382,데이터베이스에 없음
1382,데이터베이스에 없음
1384,데이터베이스에 없음
1384,데이터베이스에 없음
1385,데이터베이스에 없음
1386,데이터베이스에 없음
1389,데이터베이스에 없음
1391,데이터베이스에 없음
1392,데이터베이스에 없음
1393,데이터베이스에 없음
1393,데이터베이스에 없음
1395,데이터베이스에 없음
1398,데이터베이스에 없음
1398,데이터베이스에 없음
1399,데이터베이스에 없음
1402,데이터베이스에 없음
1403,데이터베이스에 없음
1403,데이터베이스에 없음
1404,데이터베이스에 없음
1404,데이터베이스에 없음
1407,데이터베이스에 없음
1407,데이터베이스에 없음
1408,데이터베이스에 없음
1410,데이터베이스에 없음
1413,데이터베이스에 없음
1414,데이터베이스에 없음
1417,데이터베이스에 없음
1417,데이터베이스에 없음
1419,데이터베이스에 없음
1419,데이터베이스에 없음
1420,데이터베이스에 없음
1420,데이터베이스에 없음
1422,데이터베이스에 없음
1422,데이터베이스에 없음
1423,데이터베이스에 없음
1423,데이터베이스에 없음
1424,데이터베이스에 없음
1425,데이터베이스에 없음
1425,데이터베이스에 없음
1429,데이터베이스에 없음
1429,데이터베이스에 없음
1430,데이터베이스에 없음
1431,데이터베이스에 없음
1431,데이터베이스에 없음
1432,데이터베이스에 없음
1432,데이터베이스에 없음
1433,데이터베이스에 없음
1433,데이터베이스에 없음
1434,데이터베이스에 없음
1434,데이터베이스에 없음
1436,데이터베이스에 없음
1437,데이터베이스에 없음
1438,데이터베이스에 없음
1438,데이터베이스에 없음
1439,데이터베이스에 없음
1443,데이터베이스에 없음
1444,데이터베이스에 없음
1445,데이터베이스에 없음
1446,데이터베이스에 없음
1447,데이터베이스에 없음
1447,데이터베이스에 없음
1448,데이터베이스에 없음
1448,데이터베이스에 없음
1449,데이터베이스에 없음
1450,데이터베이스에 없음
1450,데이터베이스에 없음
1451,데이터베이스에 없음
1453,데이터베이스에 없음
1454,데이터베이스에 없음
1458,데이터베이스에 없음
1460,데이터베이스에 없음
1461,데이터베이스에 없음
1462,데이터베이스에 없음
1463,데이터베이스에 없음
1464,데이터베이스에 없음
1465,데이터베이스에 없음
1465,데이터베이스에 없음
1467,데이터베이스에 없음
1468,데이터베이스에 없음
1469,데이터베이스에 없음
1470,데이터베이스에 없음
1471,데이터베이스에 없음
1472,데이터베이스에 없음
1473,데이터베이스에 없음
1474,데이터베이스에 없음
1475,데이터베이스에 없음
1475,데이터베이스에 없음
1476,데이터베이스에 없음
1476,데이터베이스에 없음
1477,데이터베이스에 없음
1477,데이터베이스에 없음
1478,데이터베이스에 없음
1479,데이터베이스에 없음
1479,데이터베이스에 없음
1481,데이터베이스에 없음
1482,데이터베이스에 없음
1482,데이터베이스에 없음
1483,데이터베이스에 없음
1484,데이터베이스에 없음
1485,데이터베이스에 없음
1486,데이터베이스에 없음
1487,데이터베이스에 없음
1489,데이터베이스에 없음
1490,데이터베이스에 없음
1491,데이터베이스에 없음
1492,데이터베이스에 없음
1492,데이터베이스에 없음
1493,데이터베이스에 없음
1495,데이터베이스에 없음
1496,데이터베이스에 없음
1497,데이터베이스에 없음
1497,데이터베이스에 없음
1499,데이터베이스에 없음
1500,데이터베이스에 없음
1500,데이터베이스에 없음
1501,데이터베이스에 없음
1502,데이터베이스에 없음
1504,데이터베이스에 없음
1505,데이터베이스에 없음
1505,데이터베이스에 없음
1506,데이터베이스에 없음
1506,데이터베이스에 없음
1507,데이터베이스에 없음
1509,데이터베이스에 없음
1510,데이터베이스에 없음
1514,데이터베이스에 없음
1515,데이터베이스에 없음
1515,데이터베이스에 없음
1516,데이터베이스에 없음
1518,데이터베이스에 없음
1519,데이터베이스에 없음
1521,데이터베이스에 없음
1521,데이터베이스에 없음
1522,데이터베이스에 없음
1523,데이터베이스에 없음
1523,데이터베이스에 없음
1525,데이터베이스에 없음
1526,데이터베이스에 없음
1529,데이터베이스에 없음
1531,데이터베이스에 없음
1531,데이터베이스에 없음
1532,데이터베이스에 없음
1533,데이터베이스에 없음
1534,데이터베이스에 없음
1535,데이터베이스에 없음
1537,데이터베이스에 없음
1538,데이터베이스에 없음
1542,데이터베이스에 없음
1543,데이터베이스에 없음
1544,데이터베이스에 없음
1545,데이터베이스에 없음
1546,데이터베이스에 없음
1547,데이터베이스에 없음
1548,데이터베이스에 없음
1549,데이터베이스에 없음
1551,데이터베이스에 없음
1552,데이터베이스에 없음
1555,데이터베이스에 없음
1555,데이터베이스에 없음
1556,데이터베이스에 없음
1558,데이터베이스에 없음
1560,데이터베이스에 없음
1561,데이터베이스에 없음
1561,데이터베이스에 없음
1563,데이터베이스에 없음
1565,데이터베이스에 없음
1565,데이터베이스에 없음
1566,데이터베이스에 없음
1567,데이터베이스에 없음
1568,데이터베이스에 없음
1569,데이터베이스에 없음
1569,데이터베이스에 없음
1570,데이터베이스에 없음
1572,데이터베이스에 없음
1574,데이터베이스에 없음
1574,데이터베이스에 없음
1575,데이터베이스에 없음
1576,데이터베이스에 없음
1578,데이터베이스에 없음
1580,데이터베이스에 없음
1580,데이터베이스에 없음
1581,데이터베이스에 없음
1583,데이터베이스에 없음
1584,데이터베이스에 없음
1585,데이터베이스에 없음
1586,데이터베이스에 없음
1586,데이터베이스에 없음
1587,데이터베이스에 없음
1588,데이터베이스에 없음
1590,데이터베이스에 없음
1591,데이터베이스에 없음
1592,데이터베이스에 없음
1592,데이터베이스에 없음
1594,데이터베이스에 없음
1595,데이터베이스에 없음
1596,데이터베이스에 없음
1597,데이터베이스에 없음
1598,데이터베이스에 없음
1599,데이터베이스에 없음
1601,데이터베이스에 없음
1602,데이터베이스에 없음
1604,데이터베이스에 없음
1604,데이터베이스에 없음
1605,데이터베이스에 없음
1606,데이터베이스에 없음
1610,데이터베이스에 없음
1613,데이터베이스에 없음
1614,데이터베이스에 없음
1616,데이터베이스에 없음
1617,데이터베이스에 없음
1618,데이터베이스에 없음
1621,데이터베이스에 없음
1622,데이터베이스에 없음
1624,데이터베이스에 없음
1626,데이터베이스에 없음
1627,데이터베이스에 없음
1628,데이터베이스에 없음
1036,데이터베이스에 없음
1041,데이터베이스에 없음
1046,데이터베이스에 없음
1048,데이터베이스에 없음
1049,데이터베이스에 없음
1050,데이터베이스에 없음
1052,데이터베이스에 없음
1055,데이터베이스에 없음
1057,데이터베이스에 없음
1059,데이터베이스에 없음
1060,데이터베이스에 없음
1060,데이터베이스에 없음
1062,데이터베이스에 없음
1068,데이터베이스에 없음
1069,데이터베이스에 없음
1070,데이터베이스에 없음
1072,데이터베이스에 없음
1073,데이터베이스에 없음
1073,데이터베이스에 없음
1075,데이터베이스에 없음
1076,데이터베이스에 없음
1081,데이터베이스에 없음
1082,데이터베이스에 없음
1084,데이터베이스에 없음
1087,데이터베이스에 없음
1087,데이터베이스에 없음
1088,데이터베이스에 없음
1088,데이터베이스에 없음
1089,데이터베이스에 없음
1093,데이터베이스에 없음
1095,데이터베이스에 없음
1097,데이터베이스에 없음
1099,데이터베이스에 없음
1099,데이터베이스에 없음
1119,데이터베이스에 없음
1126,데이터베이스에 없음
1128,데이터베이스에 없음
1129,데이터베이스에 없음
1135,데이터베이스에 없음
1136,데이터베이스에 없음
1137,데이터베이스에 없음
1137,데이터베이스에 없음
1138,데이터베이스에 없음
1139,데이터베이스에 없음
1141,데이터베이스에 없음
1142,데이터베이스에 없음
1143,데이터베이스에 없음
1145,데이터베이스에 없음
1147,데이터베이스에 없음
1147,데이터베이스에 없음
1148,데이터베이스에 없음
1149,데이터베이스에 없음
1150,데이터베이스에 없음
1154,데이터베이스에 없음
1155,데이터베이스에 없음
1157,데이터베이스에 없음
1158,데이터베이스에 없음
1159,데이터베이스에 없음
1160,데이터베이스에 없음
1161,데이터베이스에 없음
1162,데이터베이스에 없음
1162,데이터베이스에 없음
1163,데이터베이스에 없음
1163,데이터베이스에 없음
1164,데이터베이스에 없음
1167,데이터베이스에 없음
1168,데이터베이스에 없음
1168,데이터베이스에 없음
1168,데이터베이스에 없음
1169,데이터베이스에 없음
1169,데이터베이스에 없음
1170,데이터베이스에 없음
1172,데이터베이스에 없음
1173,데이터베이스에 없음
1174,데이터베이스에 없음
1175,데이터베이스에 없음
1175,데이터베이스에 없음
1177,데이터베이스에 없음
1184,데이터베이스에 없음
1185,데이터베이스에 없음
1186,데이터베이스에 없음
1191,데이터베이스에 없음
1196,데이터베이스에 없음
1200,데이터베이스에 없음
1203,데이터베이스에 없음
1206,데이터베이스에 없음
1207,데이터베이스에 없음
1211,데이터베이스에 없음
1212,데이터베이스에 없음
1213,데이터베이스에 없음
1215,데이터베이스에 없음
1226,데이터베이스에 없음
1234,데이터베이스에 없음
1235,데이터베이스에 없음
1236,데이터베이스에 없음
1237,데이터베이스에 없음
1242,데이터베이스에 없음
1243,데이터베이스에 없음
1244,데이터베이스에 없음
1245,데이터베이스에 없음
1245,데이터베이스에 없음
1246,데이터베이스에 없음
1247,데이터베이스에 없음
1248,데이터베이스에 없음
1248,데이터베이스에 없음
1250,데이터베이스에 없음
1251,데이터베이스에 없음
1252,데이터베이스에 없음
1252,데이터베이스에 없음
1253,데이터베이스에 없음
1254,데이터베이스에 없음
1254,데이터베이스에 없음
1255,데이터베이스에 없음
1256,데이터베이스에 없음
1256,데이터베이스에 없음
1257,데이터베이스에 없음
1258,데이터베이스에 없음
1261,데이터베이스에 없음
1262,데이터베이스에 없음
1263,데이터베이스에 없음
1263,데이터베이스에 없음
1264,데이터베이스에 없음
1265,데이터베이스에 없음
1266,데이터베이스에 없음
1267,데이터베이스에 없음
1268,데이터베이스에 없음
1269,데이터베이스에 없음
1269,데이터베이스에 없음
1271,데이터베이스에 없음
1272,데이터베이스에 없음
1274,데이터베이스에 없음
1275,데이터베이스에 없음
1277,데이터베이스에 없음
1278,데이터베이스에 없음
1278,데이터베이스에 없음
1279,데이터베이스에 없음
1279,데이터베이스에 없음
1280,데이터베이스에 없음
1280,데이터베이스에 없음
1281,데이터베이스에 없음
1281,데이터베이스에 없음
1282,데이터베이스에 없음
1284,데이터베이스에 없음
1284,데이터베이스에 없음
1285,데이터베이스에 없음
1286,데이터베이스에 없음
1287,데이터베이스에 없음
1288,데이터베이스에 없음
1288,데이터베이스에 없음
1289,데이터베이스에 없음
1290,데이터베이스에 없음
1290,데이터베이스에 없음
1292,데이터베이스에 없음
1293,데이터베이스에 없음
1293,데이터베이스에 없음
1294,데이터베이스에 없음
1294,데이터베이스에 없음
1297,데이터베이스에 없음
1298,데이터베이스에 없음
1299,데이터베이스에 없음
1299,데이터베이스에 없음
1300,데이터베이스에 없음
1301,데이터베이스에 없음
1301,데이터베이스에 없음
1305,데이터베이스에 없음
1305,데이터베이스에 없음
1306,데이터베이스에 없음
1306,데이터베이스에 없음
1307,데이터베이스에 없음
1308,데이터베이스에 없음
1311,데이터베이스에 없음
1312,데이터베이스에 없음
1312,데이터베이스에 없음
1313,데이터베이스에 없음
1314,데이터베이스에 없음
1315,데이터베이스에 없음
1316,데이터베이스에 없음
1317,데이터베이스에 없음
1318,데이터베이스에 없음
1319,데이터베이스에 없음
1320,데이터베이스에 없음
1321,데이터베이스에 없음
1322,데이터베이스에 없음
1323,데이터베이스에 없음
1325,데이터베이스에 없음
1326,데이터베이스에 없음
1327,데이터베이스에 없음
1328,데이터베이스에 없음
1329,데이터베이스에 없음
1330,데이터베이스에 없음
1330,데이터베이스에 없음
1331,데이터베이스에 없음
1331,데이터베이스에 없음
1332,데이터베이스에 없음
1333,데이터베이스에 없음
1334,데이터베이스에 없음
1334,데이터베이스에 없음
1334,데이터베이스에 없음
1335,데이터베이스에 없음
1336,데이터베이스에 없음
1337,데이터베이스에 없음
1338,데이터베이스에 없음
1342,데이터베이스에 없음
1345,데이터베이스에 없음
1349,데이터베이스에 없음
1350,데이터베이스에 없음
1352,데이터베이스에 없음
1357,데이터베이스에 없음
1360,데이터베이스에 없음
1361,데이터베이스에 없음
1361,데이터베이스에 없음
1362,데이터베이스에 없음
1363,데이터베이스에 없음
1363,데이터베이스에 없음
1364,데이터베이스에 없음
1364,데이터베이스에 없음
1368,데이터베이스에 없음
1368,데이터베이스에 없음
1369,데이터베이스에 없음
1370,데이터베이스에 없음
1374,데이터베이스에 없음
1375,데이터베이스에 없음
1377,데이터베이스에 없음
1381,데이터베이스에 없음
1381,데이터베이스에 없음
1382,데이터베이스에 없음
1382,데이터베이스에 없음
1384,데이터베이스에 없음
1384,데이터베이스에 없음
1385,데이터베이스에 없음
1386,데이터베이스에 없음
1389,데이터베이스에 없음
1391,데이터베이스에 없음
1392,데이터베이스에 없음
1393,데이터베이스에 없음
1393,데이터베이스에 없음
1395,데이터베이스에 없음
1398,데이터베이스에 없음
1398,데이터베이스에 없음
1399,데이터베이스에 없음
1402,데이터베이스에 없음
1403,데이터베이스에 없음
1403,데이터베이스에 없음
1404,데이터베이스에 없음
1404,데이터베이스에 없음
1407,데이터베이스에 없음
1407,데이터베이스에 없음
1408,데이터베이스에 없음
1410,데이터베이스에 없음
1413,데이터베이스에 없음
1414,데이터베이스에 없음
1417,데이터베이스에 없음
1417,데이터베이스에 없음
1419,데이터베이스에 없음
1419,데이터베이스에 없음
1420,데이터베이스에 없음
1420,데이터베이스에 없음
1422,데이터베이스에 없음
1422,데이터베이스에 없음
1423,데이터베이스에 없음
1423,데이터베이스에 없음
1424,데이터베이스에 없음
1425,데이터베이스에 없음
1425,데이터베이스에 없음
1429,데이터베이스에 없음
1429,데이터베이스에 없음
1430,데이터베이스에 없음
1431,데이터베이스에 없음
1431,데이터베이스에 없음
1432,데이터베이스에 없음
1432,데이터베이스에 없음
1433,데이터베이스에 없음
1433,데이터베이스에 없음
1434,데이터베이스에 없음
1434,데이터베이스에 없음
1436,데이터베이스에 없음
1437,데이터베이스에 없음
1438,데이터베이스에 없음
1438,데이터베이스에 없음
1439,데이터베이스에 없음
1443,데이터베이스에 없음
1444,데이터베이스에 없음
1445,데이터베이스에 없음
1446,데이터베이스에 없음
1447,데이터베이스에 없음
1447,데이터베이스에 없음
1448,데이터베이스에 없음
1448,데이터베이스에 없음
1449,데이터베이스에 없음
1450,데이터베이스에 없음
1450,데이터베이스에 없음
1451,데이터베이스에 없음
1453,데이터베이스에 없음
1454,데이터베이스에 없음
1458,데이터베이스에 없음
1460,데이터베이스에 없음
1461,데이터베이스에 없음
1462,데이터베이스에 없음
1463,데이터베이스에 없음
1464,데이터베이스에 없음
1465,데이터베이스에 없음
1465,데이터베이스에 없음
1467,데이터베이스에 없음
1468,데이터베이스에 없음
1469,데이터베이스에 없음
1470,데이터베이스에 없음
1471,데이터베이스에 없음
1472,데이터베이스에 없음
1473,데이터베이스에 없음
1474,데이터베이스에 없음
1475,데이터베이스에 없음
1475,데이터베이스에 없음
1476,데이터베이스에 없음
1476,데이터베이스에 없음
1477,데이터베이스에 없음
1477,데이터베이스에 없음
1478,데이터베이스에 없음
1479,데이터베이스에 없음
1479,데이터베이스에 없음
1481,데이터베이스에 없음
1482,데이터베이스에 없음
1482,데이터베이스에 없음
1483,데이터베이스에 없음
1484,데이터베이스에 없음
1485,데이터베이스에 없음
1486,데이터베이스에 없음
1487,데이터베이스에 없음
1489,데이터베이스에 없음
1490,데이터베이스에 없음
1491,데이터베이스에 없음
1492,데이터베이스에 없음
1492,데이터베이스에 없음
1493,데이터베이스에 없음
1495,데이터베이스에 없음
1496,데이터베이스에 없음
1497,데이터베이스에 없음
1497,데이터베이스에 없음
1499,데이터베이스에 없음
1500,데이터베이스에 없음
1500,데이터베이스에 없음
1501,데이터베이스에 없음
1502,데이터베이스에 없음
1504,데이터베이스에 없음
1505,데이터베이스에 없음
1505,데이터베이스에 없음
1506,데이터베이스에 없음
1506,데이터베이스에 없음
1507,데이터베이스에 없음
1509,데이터베이스에 없음
1510,데이터베이스에 없음
1514,데이터베이스에 없음
1515,데이터베이스에 없음
1515,데이터베이스에 없음
1516,데이터베이스에 없음
1518,데이터베이스에 없음
1519,데이터베이스에 없음
1521,데이터베이스에 없음
1521,데이터베이스에 없음
1522,데이터베이스에 없음
1523,데이터베이스에 없음
1523,데이터베이스에 없음
1525,데이터베이스에 없음
1526,데이터베이스에 없음
1529,데이터베이스에 없음
1531,데이터베이스에 없음
1531,데이터베이스에 없음
1532,데이터베이스에 없음
1533,데이터베이스에 없음
1534,데이터베이스에 없음
1535,데이터베이스에 없음
1537,데이터베이스에 없음
1538,데이터베이스에 없음
1542,데이터베이스에 없음
1543,데이터베이스에 없음
1544,데이터베이스에 없음
1545,데이터베이스에 없음
1546,데이터베이스에 없음
1547,데이터베이스에 없음
1548,데이터베이스에 없음
1549,데이터베이스에 없음
1551,데이터베이스에 없음
1552,데이터베이스에 없음
1555,데이터베이스에 없음
1555,데이터베이스에 없음
1556,데이터베이스에 없음
1558,데이터베이스에 없음
1560,데이터베이스에 없음
1561,데이터베이스에 없음
1561,데이터베이스에 없음
1563,데이터베이스에 없음
1565,데이터베이스에 없음
1565,데이터베이스에 없음
1566,데이터베이스에 없음
1567,데이터베이스에 없음
1568,데이터베이스에 없음
1569,데이터베이스에 없음
1569,데이터베이스에 없음
1570,데이터베이스에 없음
1572,데이터베이스에 없음
1574,데이터베이스에 없음
1574,데이터베이스에 없음
1575,데이터베이스에 없음
1576,데이터베이스에 없음
1578,데이터베이스에 없음
1580,데이터베이스에 없음
1580,데이터베이스에 없음
1581,데이터베이스에 없음
1583,데이터베이스에 없음
1584,데이터베이스에 없음
1585,데이터베이스에 없음
1586,데이터베이스에 없음
1586,데이터베이스에 없음
1587,데이터베이스에 없음
1588,데이터베이스에 없음
1590,데이터베이스에 없음
1591,데이터베이스에 없음
1592,데이터베이스에 없음
1592,데이터베이스에 없음
1594,데이터베이스에 없음
1595,데이터베이스에 없음
1596,데이터베이스에 없음
1597,데이터베이스에 없음
1598,데이터베이스에 없음
1599,데이터베이스에 없음
1601,데이터베이스에 없음
1602,데이터베이스에 없음
1604,데이터베이스에 없음
1604,데이터베이스에 없음
1605,데이터베이스에 없음
1606,데이터베이스에 없음
1610,데이터베이스에 없음
1613,데이터베이스에 없음
1614,데이터베이스에 없음
1616,데이터베이스에 없음
1617,데이터베이스에 없음
1618,데이터베이스에 없음
1621,데이터베이스에 없음
1622,데이터베이스에 없음
1624,데이터베이스에 없음
1626,데이터베이스에 없음
1627,데이터베이스에 없음
1628,데이터베이스에 없음
1036,데이터베이스에 없음
1041,데이터베이스에 없음
1046,데이터베이스에 없음
1048,데이터베이스에 없음
1049,데이터베이스에 없음
1050,데이터베이스에 없음
1052,데이터베이스에 없음
1055,데이터베이스에 없음
1057,데이터베이스에 없음
1059,데이터베이스에 없음
1060,데이터베이스에 없음
1060,데이터베이스에 없음
1062,데이터베이스에 없음
1068,데이터베이스에 없음
1069,데이터베이스에 없음
1070,데이터베이스에 없음
1072,데이터베이스에 없음
1073,데이터베이스에 없음
1073,데이터베이스에 없음
1075,데이터베이스에 없음
1076,데이터베이스에 없음
1081,데이터베이스에 없음
1082,데이터베이스에 없음
1084,데이터베이스에 없음
1087,데이터베이스에 없음
1087,데이터베이스에 없음
1088,데이터베이스에 없음
1088,데이터베이스에 없음
1089,데이터베이스에 없음
1093,데이터베이스에 없음
1095,데이터베이스에 없음
1097,데이터베이스에 없음
1099,데이터베이스에 없음
1099,데이터베이스에 없음
1119,데이터베이스에 없음
1126,데이터베이스에 없음
1128,데이터베이스에 없음
1129,데이터베이스에 없음
1135,데이터베이스에 없음
1136,데이터베이스에 없음
1137,데이터베이스에 없음
1137,데이터베이스에 없음
1138,데이터베이스에 없음
1139,데이터베이스에 없음
1141,데이터베이스에 없음
1142,데이터베이스에 없음
1143,데이터베이스에 없음
1145,데이터베이스에 없음
1147,데이터베이스에 없음
1147,데이터베이스에 없음
1148,데이터베이스에 없음
1149,데이터베이스에 없음
1150,데이터베이스에 없음
1154,데이터베이스에 없음
1155,데이터베이스에 없음
1157,데이터베이스에 없음
1158,데이터베이스에 없음
1159,데이터베이스에 없음
1160,데이터베이스에 없음
1161,데이터베이스에 없음
1162,데이터베이스에 없음
1162,데이터베이스에 없음
1163,데이터베이스에 없음
1163,데이터베이스에 없음
1164,데이터베이스에 없음
1167,데이터베이스에 없음
1168,데이터베이스에 없음
1168,데이터베이스에 없음
1168,데이터베이스에 없음
1169,데이터베이스에 없음
1169,데이터베이스에 없음
1170,데이터베이스에 없음
1172,데이터베이스에 없음
1173,데이터베이스에 없음
1174,데이터베이스에 없음
1175,데이터베이스에 없음
1175,데이터베이스에 없음
1177,데이터베이스에 없음
1184,데이터베이스에 없음
1185,데이터베이스에 없음
1186,데이터베이스에 없음
1191,데이터베이스에 없음
1196,데이터베이스에 없음
1200,데이터베이스에 없음
1203,데이터베이스에 없음
1206,데이터베이스에 없음
1207,데이터베이스에 없음
1211,데이터베이스에 없음
1212,데이터베이스에 없음
1213,데이터베이스에 없음
1215,데이터베이스에 없음
1226,데이터베이스에 없음
1234,데이터베이스에 없음
1235,데이터베이스에 없음
1236,데이터베이스에 없음
1237,데이터베이스에 없음
1242,데이터베이스에 없음
1243,데이터베이스에 없음
1244,데이터베이스에 없음
1245,데이터베이스에 없음
1245,데이터베이스에 없음
1246,데이터베이스에 없음
1247,데이터베이스에 없음
1248,데이터베이스에 없음
1248,데이터베이스에 없음
1250,데이터베이스에 없음
1251,데이터베이스에 없음
1252,데이터베이스에 없음
1252,데이터베이스에 없음
1253,데이터베이스에 없음
1254,데이터베이스에 없음
1254,데이터베이스에 없음
1255,데이터베이스에 없음
1256,데이터베이스에 없음
1256,데이터베이스에 없음
1257,데이터베이스에 없음
1258,데이터베이스에 없음
1261,데이터베이스에 없음
1262,데이터베이스에 없음
1263,데이터베이스에 없음
1263,데이터베이스에 없음
1264,데이터베이스에 없음
1265,데이터베이스에 없음
1266,데이터베이스에 없음
1267,데이터베이스에 없음
1268,데이터베이스에 없음
1269,데이터베이스에 없음
1269,데이터베이스에 없음
1271,데이터베이스에 없음
1272,데이터베이스에 없음
1274,데이터베이스에 없음
1275,데이터베이스에 없음
1277,데이터베이스에 없음
1278,데이터베이스에 없음
1278,데이터베이스에 없음
1279,데이터베이스에 없음
1279,데이터베이스에 없음
1280,데이터베이스에 없음
1280,데이터베이스에 없음
1281,데이터베이스에 없음
1281,데이터베이스에 없음
1282,데이터베이스에 없음
1284,데이터베이스에 없음
1284,데이터베이스에 없음
1285,데이터베이스에 없음
1286,데이터베이스에 없음
1287,데이터베이스에 없음
1288,데이터베이스에 없음
1288,데이터베이스에 없음
1289,데이터베이스에 없음
1290,데이터베이스에 없음
1290,데이터베이스에 없음
1292,데이터베이스에 없음
1293,데이터베이스에 없음
1293,데이터베이스에 없음
1294,데이터베이스에 없음
1294,데이터베이스에 없음
1297,데이터베이스에 없음
1298,데이터베이스에 없음
1299,데이터베이스에 없음
1299,데이터베이스에 없음
1300,데이터베이스에 없음
1301,데이터베이스에 없음
1301,데이터베이스에 없음
1305,데이터베이스에 없음
1305,데이터베이스에 없음
1306,데이터베이스에 없음
1306,데이터베이스에 없음
1307,데이터베이스에 없음
1308,데이터베이스에 없음
1311,데이터베이스에 없음
1312,데이터베이스에 없음
1312,데이터베이스에 없음
1313,데이터베이스에 없음
1314,데이터베이스에 없음
1315,데이터베이스에 없음
1316,데이터베이스에 없음
1317,데이터베이스에 없음
1318,데이터베이스에 없음
1319,데이터베이스에 없음
1320,데이터베이스에 없음
1321,데이터베이스에 없음
1322,데이터베이스에 없음
1323,데이터베이스에 없음
1325,데이터베이스에 없음
1326,데이터베이스에 없음
1327,데이터베이스에 없음
1328,데이터베이스에 없음
1329,데이터베이스에 없음
1330,데이터베이스에 없음
1330,데이터베이스에 없음
1331,데이터베이스에 없음
1331,데이터베이스에 없음
1332,데이터베이스에 없음
1333,데이터베이스에 없음
1334,데이터베이스에 없음
1334,데이터베이스에 없음
1334,데이터베이스에 없음
1335,데이터베이스에 없음
1336,데이터베이스에 없음
1337,데이터베이스에 없음
1338,데이터베이스에 없음
1342,데이터베이스에 없음
1345,데이터베이스에 없음
1349,데이터베이스에 없음
1350,데이터베이스에 없음
1352,데이터베이스에 없음
1357,데이터베이스에 없음
1360,데이터베이스에 없음
1361,데이터베이스에 없음
1361,데이터베이스에 없음
1362,데이터베이스에 없음
1363,데이터베이스에 없음
1363,데이터베이스에 없음
1364,데이터베이스에 없음
1364,데이터베이스에 없음
1368,데이터베이스에 없음
1368,데이터베이스에 없음
1369,데이터베이스에 없음
1370,데이터베이스에 없음
1374,데이터베이스에 없음
1375,데이터베이스에 없음
1377,데이터베이스에 없음
1381,데이터베이스에 없음
1381,데이터베이스에 없음
1382,데이터베이스에 없음
1382,데이터베이스에 없음
1384,데이터베이스에 없음
1384,데이터베이스에 없음
1385,데이터베이스에 없음
1386,데이터베이스에 없음
1389,데이터베이스에 없음
1391,데이터베이스에 없음
1392,데이터베이스에 없음
1393,데이터베이스에 없음
1393,데이터베이스에 없음
1395,데이터베이스에 없음
1398,데이터베이스에 없음
1398,데이터베이스에 없음
1399,데이터베이스에 없음
1402,데이터베이스에 없음
1403,데이터베이스에 없음
1403,데이터베이스에 없음
1404,데이터베이스에 없음
1404,데이터베이스에 없음
1407,데이터베이스에 없음
1407,데이터베이스에 없음
1408,데이터베이스에 없음
1410,데이터베이스에 없음
1413,데이터베이스에 없음
1414,데이터베이스에 없음
1417,데이터베이스에 없음
1417,데이터베이스에 없음
1419,데이터베이스에 없음
1419,데이터베이스에 없음
1420,데이터베이스에 없음
1420,데이터베이스에 없음
1422,데이터베이스에 없음
1422,데이터베이스에 없음
1423,데이터베이스에 없음
1423,데이터베이스에 없음
1424,데이터베이스에 없음
1425,데이터베이스에 없음
1425,데이터베이스에 없음
1429,데이터베이스에 없음
1429,데이터베이스에 없음
1430,데이터베이스에 없음
1431,데이터베이스에 없음
1431,데이터베이스에 없음
1432,데이터베이스에 없음
1432,데이터베이스에 없음
1433,데이터베이스에 없음
1433,데이터베이스에 없음
1434,데이터베이스에 없음
1434,데이터베이스에 없음
1436,데이터베이스에 없음
1437,데이터베이스에 없음
1438,데이터베이스에 없음
1438,데이터베이스에 없음
1439,데이터베이스에 없음
1443,데이터베이스에 없음
1444,데이터베이스에 없음
1445,데이터베이스에 없음
1446,데이터베이스에 없음
1447,데이터베이스에 없음
1447,데이터베이스에 없음
1448,데이터베이스에 없음
1448,데이터베이스에 없음
1449,데이터베이스에 없음
1450,데이터베이스에 없음
1450,데이터베이스에 없음
1451,데이터베이스에 없음
1453,데이터베이스에 없음
1454,데이터베이스에 없음
1458,데이터베이스에 없음
1460,데이터베이스에 없음
1461,데이터베이스에 없음
1462,데이터베이스에 없음
1463,데이터베이스에 없음
1464,데이터베이스에 없음
1465,데이터베이스에 없음
1465,데이터베이스에 없음
1467,데이터베이스에 없음
1468,데이터베이스에 없음
1469,데이터베이스에 없음
1470,데이터베이스에 없음
1471,데이터베이스에 없음
1472,데이터베이스에 없음
1473,데이터베이스에 없음
1474,데이터베이스에 없음
1475,데이터베이스에 없음
1475,데이터베이스에 없음
1476,데이터베이스에 없음
1476,데이터베이스에 없음
1477,데이터베이스에 없음
1477,데이터베이스에 없음
1478,데이터베이스에 없음
1479,데이터베이스에 없음
1479,데이터베이스에 없음
1481,데이터베이스에 없음
1482,데이터베이스에 없음
1482,데이터베이스에 없음
1483,데이터베이스에 없음
1484,데이터베이스에 없음
1485,데이터베이스에 없음
1486,데이터베이스에 없음
1487,데이터베이스에 없음
1489,데이터베이스에 없음
1490,데이터베이스에 없음
1491,데이터베이스에 없음
1492,데이터베이스에 없음
1492,데이터베이스에 없음
1493,데이터베이스에 없음
1495,데이터베이스에 없음
1496,데이터베이스에 없음
1497,데이터베이스에 없음
1497,데이터베이스에 없음
1499,데이터베이스에 없음
1500,데이터베이스에 없음
1500,데이터베이스에 없음
1501,데이터베이스에 없음
1502,데이터베이스에 없음
1504,데이터베이스에 없음
1505,데이터베이스에 없음
1505,데이터베이스에 없음
1506,데이터베이스에 없음
1506,데이터베이스에 없음
1507,데이터베이스에 없음
1509,데이터베이스에 없음
1510,데이터베이스에 없음
1514,데이터베이스에 없음
1515,데이터베이스에 없음
1515,데이터베이스에 없음
1516,데이터베이스에 없음
1518,데이터베이스에 없음
1519,데이터베이스에 없음
1521,데이터베이스에 없음
1521,데이터베이스에 없음
1522,데이터베이스에 없음
1523,데이터베이스에 없음
1523,데이터베이스에 없음
1525,데이터베이스에 없음
1526,데이터베이스에 없음
1529,데이터베이스에 없음
1531,데이터베이스에 없음
1531,데이터베이스에 없음
1532,데이터베이스에 없음
1533,데이터베이스에 없음
1534,데이터베이스에 없음
1535,데이터베이스에 없음
1537,데이터베이스에 없음
1538,데이터베이스에 없음
1542,데이터베이스에 없음
1543,데이터베이스에 없음
1544,데이터베이스에 없음
1545,데이터베이스에 없음
1546,데이터베이스에 없음
1547,데이터베이스에 없음
1548,데이터베이스에 없음
1549,데이터베이스에 없음
1551,데이터베이스에 없음
1552,데이터베이스에 없음
1555,데이터베이스에 없음
1555,데이터베이스에 없음
1556,데이터베이스에 없음
1558,데이터베이스에 없음
1560,데이터베이스에 없음
1561,데이터베이스에 없음
1561,데이터베이스에 없음
1563,데이터베이스에 없음
1565,데이터베이스에 없음
1565,데이터베이스에 없음
1566,데이터베이스에 없음
1567,데이터베이스에 없음
1568,데이터베이스에 없음
1569,데이터베이스에 없음
1569,데이터베이스에 없음
1570,데이터베이스에 없음
1572,데이터베이스에 없음
1574,데이터베이스에 없음
1574,데이터베이스에 없음
1575,데이터베이스에 없음
1576,데이터베이스에 없음
1578,데이터베이스에 없음
1580,데이터베이스에 없음
1580,데이터베이스에 없음
1581,데이터베이스에 없음
1583,데이터베이스에 없음
1584,데이터베이스에 없음
1585,데이터베이스에 없음
1586,데이터베이스에 없음
1586,데이터베이스에 없음
1587,데이터베이스에 없음
1588,데이터베이스에 없음
1590,데이터베이스에 없음
1591,데이터베이스에 없음
1592,데이터베이스에 없음
1592,데이터베이스에 없음
1594,데이터베이스에 없음
1595,데이터베이스에 없음
1596,데이터베이스에 없음
1597,데이터베이스에 없음
1598,데이터베이스에 없음
1599,데이터베이스에 없음
1601,데이터베이스에 없음
1602,데이터베이스에 없음
1604,데이터베이스에 없음
1604,데이터베이스에 없음
1605,데이터베이스에 없음
1606,데이터베이스에 없음
1610,데이터베이스에 없음
1613,데이터베이스에 없음
1614,데이터베이스에 없음
1616,데이터베이스에 없음
1617,데이터베이스에 없음
1618,데이터베이스에 없음
1621,데이터베이스에 없음
1622,데이터베이스에 없음
1624,데이터베이스에 없음
1626,데이터베이스에 없음
1627,데이터베이스에 없음
1628,데이터베이스에 없음
1036,데이터베이스에 없음
1041,데이터베이스에 없음
1046,데이터베이스에 없음
1048,데이터베이스에 없음
1049,데이터베이스에 없음
1050,데이터베이스에 없음
1052,데이터베이스에 없음
1055,데이터베이스에 없음
1057,데이터베이스에 없음
1059,데이터베이스에 없음
1060,데이터베이스에 없음
1060,데이터베이스에 없음
1062,데이터베이스에 없음
1068,데이터베이스에 없음
1069,데이터베이스에 없음
1070,데이터베이스에 없음
1072,데이터베이스에 없음
1073,데이터베이스에 없음
1073,데이터베이스에 없음
1075,데이터베이스에 없음
1076,데이터베이스에 없음
1081,데이터베이스에 없음
1082,데이터베이스에 없음
1084,데이터베이스에 없음
1087,데이터베이스에 없음
1087,데이터베이스에 없음
1088,데이터베이스에 없음
1088,데이터베이스에 없음
1089,데이터베이스에 없음
1093,데이터베이스에 없음
1095,데이터베이스에 없음
1097,데이터베이스에 없음
1099,데이터베이스에 없음
1099,데이터베이스에 없음
1119,데이터베이스에 없음
1126,데이터베이스에 없음
1128,데이터베이스에 없음
1129,데이터베이스에 없음
1135,데이터베이스에 없음
1136,데이터베이스에 없음
1137,데이터베이스에 없음
1137,데이터베이스에 없음
1138,데이터베이스에 없음
1139,데이터베이스에 없음
1141,데이터베이스에 없음
1142,데이터베이스에 없음
1143,데이터베이스에 없음
1145,데이터베이스에 없음
1147,데이터베이스에 없음
1147,데이터베이스에 없음
1148,데이터베이스에 없음
1149,데이터베이스에 없음
1150,데이터베이스에 없음
1154,데이터베이스에 없음
1155,데이터베이스에 없음
1157,데이터베이스에 없음
1158,데이터베이스에 없음
1159,데이터베이스에 없음
1160,데이터베이스에 없음
1161,데이터베이스에 없음
1162,데이터베이스에 없음
1162,데이터베이스에 없음
1163,데이터베이스에 없음
1163,데이터베이스에 없음
1164,데이터베이스에 없음
1167,데이터베이스에 없음
1168,데이터베이스에 없음
1168,데이터베이스에 없음
1168,데이터베이스에 없음
1169,데이터베이스에 없음
1169,데이터베이스에 없음
1170,데이터베이스에 없음
1172,데이터베이스에 없음
1173,데이터베이스에 없음
1174,데이터베이스에 없음
1175,데이터베이스에 없음
1175,데이터베이스에 없음
1177,데이터베이스에 없음
1184,데이터베이스에 없음
1185,데이터베이스에 없음
1186,데이터베이스에 없음
1191,데이터베이스에 없음
1196,데이터베이스에 없음
1200,데이터베이스에 없음
1203,데이터베이스에 없음
1206,데이터베이스에 없음
1207,데이터베이스에 없음
1211,데이터베이스에 없음
1212,데이터베이스에 없음
1213,데이터베이스에 없음
1215,데이터베이스에 없음
1226,데이터베이스에 없음
1234,데이터베이스에 없음
1235,데이터베이스에 없음
1236,데이터베이스에 없음
1237,데이터베이스에 없음
1242,데이터베이스에 없음
1243,데이터베이스에 없음
1244,데이터베이스에 없음
1245,데이터베이스에 없음
1245,데이터베이스에 없음
1246,데이터베이스에 없음
1247,데이터베이스에 없음
1248,데이터베이스에 없음
1248,데이터베이스에 없음
1250,데이터베이스에 없음
1251,데이터베이스에 없음
1252,데이터베이스에 없음
1252,데이터베이스에 없음
1253,데이터베이스에 없음
1254,데이터베이스에 없음
1254,데이터베이스에 없음
1255,데이터베이스에 없음
1256,데이터베이스에 없음
1256,데이터베이스에 없음
1257,데이터베이스에 없음
1258,데이터베이스에 없음
1261,데이터베이스에 없음
1262,데이터베이스에 없음
1263,데이터베이스에 없음
1263,데이터베이스에 없음
1264,데이터베이스에 없음
1265,데이터베이스에 없음
1266,데이터베이스에 없음
1267,데이터베이스에 없음
1268,데이터베이스에 없음
1269,데이터베이스에 없음
1269,데이터베이스에 없음
1271,데이터베이스에 없음
1272,데이터베이스에 없음
1274,데이터베이스에 없음
1275,데이터베이스에 없음
1277,데이터베이스에 없음
1278,데이터베이스에 없음
1278,데이터베이스에 없음
1279,데이터베이스에 없음
1279,데이터베이스에 없음
1280,데이터베이스에 없음
1280,데이터베이스에 없음
1281,데이터베이스에 없음
1281,데이터베이스에 없음
1282,데이터베이스에 없음
1284,데이터베이스에 없음
1284,데이터베이스에 없음
1285,데이터베이스에 없음
1286,데이터베이스에 없음
1287,데이터베이스에 없음
1288,데이터베이스에 없음
1288,데이터베이스에 없음
1289,데이터베이스에 없음
1290,데이터베이스에 없음
1290,데이터베이스에 없음
1292,데이터베이스에 없음
1293,데이터베이스에 없음
1293,데이터베이스에 없음
1294,데이터베이스에 없음
1294,데이터베이스에 없음
1297,데이터베이스에 없음
1298,데이터베이스에 없음
1299,데이터베이스에 없음
1299,데이터베이스에 없음
1300,데이터베이스에 없음
1301,데이터베이스에 없음
1301,데이터베이스에 없음
1305,데이터베이스에 없음
1305,데이터베이스에 없음
1306,데이터베이스에 없음
1306,데이터베이스에 없음
1307,데이터베이스에 없음
1308,데이터베이스에 없음
1311,데이터베이스에 없음
1312,데이터베이스에 없음
1312,데이터베이스에 없음
1313,데이터베이스에 없음
1314,데이터베이스에 없음
1315,데이터베이스에 없음
1316,데이터베이스에 없음
1317,데이터베이스에 없음
1318,데이터베이스에 없음
1319,데이터베이스에 없음
1320,데이터베이스에 없음
1321,데이터베이스에 없음
1322,데이터베이스에 없음
1323,데이터베이스에 없음
1325,데이터베이스에 없음
1326,데이터베이스에 없음
1327,데이터베이스에 없음
1328,데이터베이스에 없음
1329,데이터베이스에 없음
1330,데이터베이스에 없음
1330,데이터베이스에 없음
1331,데이터베이스에 없음
1331,데이터베이스에 없음
1332,데이터베이스에 없음
1333,데이터베이스에 없음
1334,데이터베이스에 없음
1334,데이터베이스에 없음
1334,데이터베이스에 없음
1335,데이터베이스에 없음
1336,데이터베이스에 없음
1337,데이터베이스에 없음
1338,데이터베이스에 없음
1342,데이터베이스에 없음
1345,데이터베이스에 없음
1349,데이터베이스에 없음
1350,데이터베이스에 없음
1352,데이터베이스에 없음
1357,데이터베이스에 없음
1360,데이터베이스에 없음
1361,데이터베이스에 없음
1361,데이터베이스에 없음
1362,데이터베이스에 없음
1363,데이터베이스에 없음
1363,데이터베이스에 없음
1364,데이터베이스에 없음
1364,데이터베이스에 없음
1368,데이터베이스에 없음
1368,데이터베이스에 없음
1369,데이터베이스에 없음
1370,데이터베이스에 없음
1374,데이터베이스에 없음
1375,데이터베이스에 없음
1377,데이터베이스에 없음
1381,데이터베이스에 없음
1381,데이터베이스에 없음
1382,데이터베이스에 없음
1382,데이터베이스에 없음
1384,데이터베이스에 없음
1384,데이터베이스에 없음
1385,데이터베이스에 없음
1386,데이터베이스에 없음
1389,데이터베이스에 없음
1391,데이터베이스에 없음
1392,데이터베이스에 없음
1393,데이터베이스에 없음
1393,데이터베이스에 없음
1395,데이터베이스에 없음
1398,데이터베이스에 없음
1398,데이터베이스에 없음
1399,데이터베이스에 없음
1402,데이터베이스에 없음
1403,데이터베이스에 없음
1403,데이터베이스에 없음
1404,데이터베이스에 없음
1404,데이터베이스에 없음
1407,데이터베이스에 없음
1407,데이터베이스에 없음
1408,데이터베이스에 없음
1410,데이터베이스에 없음
1413,데이터베이스에 없음
1414,데이터베이스에 없음
1417,데이터베이스에 없음
1417,데이터베이스에 없음
1419,데이터베이스에 없음
1419,데이터베이스에 없음
1420,데이터베이스에 없음
1420,데이터베이스에 없음
1422,데이터베이스에 없음
1422,데이터베이스에 없음
1423,데이터베이스에 없음
1423,데이터베이스에 없음
1424,데이터베이스에 없음
1425,데이터베이스에 없음
1425,데이터베이스에 없음
1429,데이터베이스에 없음
1429,데이터베이스에 없음
1430,데이터베이스에 없음
1431,데이터베이스에 없음
1431,데이터베이스에 없음
1432,데이터베이스에 없음
1432,데이터베이스에 없음
1433,데이터베이스에 없음
1433,데이터베이스에 없음
1434,데이터베이스에 없음
1434,데이터베이스에 없음
1436,데이터베이스에 없음
1437,데이터베이스에 없음
1438,데이터베이스에 없음
1438,데이터베이스에 없음
1439,데이터베이스에 없음
1443,데이터베이스에 없음
1444,데이터베이스에 없음
1445,데이터베이스에 없음
1446,데이터베이스에 없음
1447,데이터베이스에 없음
1447,데이터베이스에 없음
1448,데이터베이스에 없음
1448,데이터베이스에 없음
1449,데이터베이스에 없음
1450,데이터베이스에 없음
1450,데이터베이스에 없음
1451,데이터베이스에 없음
1453,데이터베이스에 없음
1454,데이터베이스에 없음
1458,데이터베이스에 없음
1460,데이터베이스에 없음
1461,데이터베이스에 없음
1462,데이터베이스에 없음
1463,데이터베이스에 없음
1464,데이터베이스에 없음
1465,데이터베이스에 없음
1465,데이터베이스에 없음
1467,데이터베이스에 없음
1468,데이터베이스에 없음
1469,데이터베이스에 없음
1470,데이터베이스에 없음
1471,데이터베이스에 없음
1472,데이터베이스에 없음
1473,데이터베이스에 없음
1474,데이터베이스에 없음
1475,데이터베이스에 없음
1475,데이터베이스에 없음
1476,데이터베이스에 없음
1476,데이터베이스에 없음
1477,데이터베이스에 없음
1477,데이터베이스에 없음
1478,데이터베이스에 없음
1479,데이터베이스에 없음
1479,데이터베이스에 없음
1481,데이터베이스에 없음
1482,데이터베이스에 없음
1482,데이터베이스에 없음
1483,데이터베이스에 없음
1484,데이터베이스에 없음
1485,데이터베이스에 없음
1486,데이터베이스에 없음
1487,데이터베이스에 없음
1489,데이터베이스에 없음
1490,데이터베이스에 없음
1491,데이터베이스에 없음
1492,데이터베이스에 없음
1492,데이터베이스에 없음
1493,데이터베이스에 없음
1495,데이터베이스에 없음
1496,데이터베이스에 없음
1497,데이터베이스에 없음
1497,데이터베이스에 없음
1499,데이터베이스에 없음
1500,데이터베이스에 없음
1500,데이터베이스에 없음
1501,데이터베이스에 없음
1502,데이터베이스에 없음
1504,데이터베이스에 없음
1505,데이터베이스에 없음
1505,데이터베이스에 없음
1506,데이터베이스에 없음
1506,데이터베이스에 없음
1507,데이터베이스에 없음
1509,데이터베이스에 없음
1510,데이터베이스에 없음
1514,데이터베이스에 없음
1515,데이터베이스에 없음
1515,데이터베이스에 없음
1516,데이터베이스에 없음
1518,데이터베이스에 없음
1519,데이터베이스에 없음
1521,데이터베이스에 없음
1521,데이터베이스에 없음
1522,데이터베이스에 없음
1523,데이터베이스에 없음
1523,데이터베이스에 없음
1525,데이터베이스에 없음
1526,데이터베이스에 없음
1529,데이터베이스에 없음
1531,데이터베이스에 없음
1531,데이터베이스에 없음
1532,데이터베이스에 없음
1533,데이터베이스에 없음
1534,데이터베이스에 없음
1535,데이터베이스에 없음
1537,데이터베이스에 없음
1538,데이터베이스에 없음
1542,데이터베이스에 없음
1543,데이터베이스에 없음
1544,데이터베이스에 없음
1545,데이터베이스에 없음
1546,데이터베이스에 없음
1547,데이터베이스에 없음
1548,데이터베이스에 없음
1549,데이터베이스에 없음
1551,데이터베이스에 없음
1552,데이터베이스에 없음
1555,데이터베이스에 없음
1555,데이터베이스에 없음
1556,데이터베이스에 없음
1558,데이터베이스에 없음
1560,데이터베이스에 없음
1561,데이터베이스에 없음
1561,데이터베이스에 없음
1563,데이터베이스에 없음
1565,데이터베이스에 없음
1565,데이터베이스에 없음
1566,데이터베이스에 없음
1567,데이터베이스에 없음
1568,데이터베이스에 없음
1569,데이터베이스에 없음
1569,데이터베이스에 없음
1570,데이터베이스에 없음
1572,데이터베이스에 없음
1574,데이터베이스에 없음
1574,데이터베이스에 없음
1575,데이터베이스에 없음
1576,데이터베이스에 없음
1578,데이터베이스에 없음
1580,데이터베이스에 없음
1580,데이터베이스에 없음
1581,데이터베이스에 없음
1583,데이터베이스에 없음
1584,데이터베이스에 없음
1585,데이터베이스에 없음
1586,데이터베이스에 없음
1586,데이터베이스에 없음
1587,데이터베이스에 없음
1588,데이터베이스에 없음
1590,데이터베이스에 없음
1591,데이터베이스에 없음
1592,데이터베이스에 없음
1592,데이터베이스에 없음
1594,데이터베이스에 없음
1595,데이터베이스에 없음
1596,데이터베이스에 없음
1597,데이터베이스에 없음
1598,데이터베이스에 없음
1599,데이터베이스에 없음
1601,데이터베이스에 없음
1602,데이터베이스에 없음
1604,데이터베이스에 없음
1604,데이터베이스에 없음
1605,데이터베이스에 없음
1606,데이터베이스에 없음
1610,데이터베이스에 없음
1613,데이터베이스에 없음
1614,데이터베이스에 없음
1616,데이터베이스에 없음
1617,데이터베이스에 없음
1618,데이터베이스에 없음
1621,데이터베이스에 없음
1622,데이터베이스에 없음
1624,데이터베이스에 없음
1626,데이터베이스에 없음
1627,데이터베이스에 없음
1628,데이터베이스에 없음
1036,데이터베이스에 없음
1041,데이터베이스에 없음
1046,데이터베이스에 없음
1048,데이터베이스에 없음
1049,데이터베이스에 없음
1050,데이터베이스에 없음
1052,데이터베이스에 없음
1055,데이터베이스에 없음
1057,데이터베이스에 없음
1059,데이터베이스에 없음
1060,데이터베이스에 없음
1060,데이터베이스에 없음
1062,데이터베이스에 없음
1068,데이터베이스에 없음
1069,데이터베이스에 없음
1070,데이터베이스에 없음
1072,데이터베이스에 없음
1073,데이터베이스에 없음
1073,데이터베이스에 없음
1075,데이터베이스에 없음
1076,데이터베이스에 없음
1081,데이터베이스에 없음
1082,데이터베이스에 없음
1084,데이터베이스에 없음
1087,데이터베이스에 없음
1087,데이터베이스에 없음
1088,데이터베이스에 없음
1088,데이터베이스에 없음
1089,데이터베이스에 없음
1093,데이터베이스에 없음
1095,데이터베이스에 없음
1097,데이터베이스에 없음
1099,데이터베이스에 없음
1099,데이터베이스에 없음
1119,데이터베이스에 없음
1126,데이터베이스에 없음
1128,데이터베이스에 없음
1129,데이터베이스에 없음
1135,데이터베이스에 없음
1136,데이터베이스에 없음
1137,데이터베이스에 없음
1137,데이터베이스에 없음
1138,데이터베이스에 없음
1139,데이터베이스에 없음
1141,데이터베이스에 없음
1142,데이터베이스에 없음
1143,데이터베이스에 없음
1145,데이터베이스에 없음
1147,데이터베이스에 없음
1147,데이터베이스에 없음
1148,데이터베이스에 없음
1149,데이터베이스에 없음
1150,데이터베이스에 없음
1154,데이터베이스에 없음
1155,데이터베이스에 없음
1157,데이터베이스에 없음
1158,데이터베이스에 없음
1159,데이터베이스에 없음
1160,데이터베이스에 없음
1161,데이터베이스에 없음
1162,데이터베이스에 없음
1162,데이터베이스에 없음
1163,데이터베이스에 없음
1163,데이터베이스에 없음
1164,데이터베이스에 없음
1167,데이터베이스에 없음
1168,데이터베이스에 없음
1168,데이터베이스에 없음
1168,데이터베이스에 없음
1169,데이터베이스에 없음
1169,데이터베이스에 없음
1170,데이터베이스에 없음
1172,데이터베이스에 없음
1173,데이터베이스에 없음
1174,데이터베이스에 없음
1175,데이터베이스에 없음
1175,데이터베이스에 없음
1177,데이터베이스에 없음
1184,데이터베이스에 없음
1185,데이터베이스에 없음
1186,데이터베이스에 없음
1191,데이터베이스에 없음
1196,데이터베이스에 없음
1200,데이터베이스에 없음
1203,데이터베이스에 없음
1206,데이터베이스에 없음
1207,데이터베이스에 없음
1211,데이터베이스에 없음
1212,데이터베이스에 없음
1213,데이터베이스에 없음
1215,데이터베이스에 없음
1226,데이터베이스에 없음
1234,데이터베이스에 없음
1235,데이터베이스에 없음
1236,데이터베이스에 없음
1237,데이터베이스에 없음
1242,데이터베이스에 없음
1243,데이터베이스에 없음
1244,데이터베이스에 없음
1245,데이터베이스에 없음
1245,데이터베이스에 없음
1246,데이터베이스에 없음
1247,데이터베이스에 없음
1248,데이터베이스에 없음
1248,데이터베이스에 없음
1250,데이터베이스에 없음
1251,데이터베이스에 없음
1252,데이터베이스에 없음
1252,데이터베이스에 없음
1253,데이터베이스에 없음
1254,데이터베이스에 없음
1254,데이터베이스에 없음
1255,데이터베이스에 없음
1256,데이터베이스에 없음
1256,데이터베이스에 없음
1257,데이터베이스에 없음
1258,데이터베이스에 없음
1261,데이터베이스에 없음
1262,데이터베이스에 없음
1263,데이터베이스에 없음
1263,데이터베이스에 없음
1264,데이터베이스에 없음
1265,데이터베이스에 없음
1266,데이터베이스에 없음
1267,데이터베이스에 없음
1268,데이터베이스에 없음
1269,데이터베이스에 없음
1269,데이터베이스에 없음
1271,데이터베이스에 없음
1272,데이터베이스에 없음
1274,데이터베이스에 없음
1275,데이터베이스에 없음
1277,데이터베이스에 없음
1278,데이터베이스에 없음
1278,데이터베이스에 없음
1279,데이터베이스에 없음
1279,데이터베이스에 없음
1280,데이터베이스에 없음
1280,데이터베이스에 없음
1281,데이터베이스에 없음
1281,데이터베이스에 없음
1282,데이터베이스에 없음
1284,데이터베이스에 없음
1284,데이터베이스에 없음
1285,데이터베이스에 없음
1286,데이터베이스에 없음
1287,데이터베이스에 없음
1288,데이터베이스에 없음
1288,데이터베이스에 없음
1289,데이터베이스에 없음
1290,데이터베이스에 없음
1290,데이터베이스에 없음
1292,데이터베이스에 없음
1293,데이터베이스에 없음
1293,데이터베이스에 없음
1294,데이터베이스에 없음
1294,데이터베이스에 없음
1297,데이터베이스에 없음
1298,데이터베이스에 없음
1299,데이터베이스에 없음
1299,데이터베이스에 없음
1300,데이터베이스에 없음
1301,데이터베이스에 없음
1301,데이터베이스에 없음
1305,데이터베이스에 없음
1305,데이터베이스에 없음
1306,데이터베이스에 없음
1306,데이터베이스에 없음
1307,데이터베이스에 없음
1308,데이터베이스에 없음
1311,데이터베이스에 없음
1312,데이터베이스에 없음
1312,데이터베이스에 없음
1313,데이터베이스에 없음
1314,데이터베이스에 없음
1315,데이터베이스에 없음
1316,데이터베이스에 없음
1317,데이터베이스에 없음
1318,데이터베이스에 없음
1319,데이터베이스에 없음
1320,데이터베이스에 없음
1321,데이터베이스에 없음
1322,데이터베이스에 없음
1323,데이터베이스에 없음
1325,데이터베이스에 없음
1326,데이터베이스에 없음
1327,데이터베이스에 없음
1328,데이터베이스에 없음
1329,데이터베이스에 없음
1330,데이터베이스에 없음
1330,데이터베이스에 없음
1331,데이터베이스에 없음
1331,데이터베이스에 없음
1332,데이터베이스에 없음
1333,데이터베이스에 없음
1334,데이터베이스에 없음
1334,데이터베이스에 없음
1334,데이터베이스에 없음
1335,데이터베이스에 없음
1336,데이터베이스에 없음
1337,데이터베이스에 없음
1338,데이터베이스에 없음
1342,데이터베이스에 없음
1345,데이터베이스에 없음
1349,데이터베이스에 없음
1350,데이터베이스에 없음
1352,데이터베이스에 없음
1357,데이터베이스에 없음
1360,데이터베이스에 없음
1361,데이터베이스에 없음
1361,데이터베이스에 없음
1362,데이터베이스에 없음
1363,데이터베이스에 없음
1363,데이터베이스에 없음
1364,데이터베이스에 없음
1364,데이터베이스에 없음
1368,데이터베이스에 없음
1368,데이터베이스에 없음
1369,데이터베이스에 없음
1370,데이터베이스에 없음
1374,데이터베이스에 없음
1375,데이터베이스에 없음
1377,데이터베이스에 없음
1381,데이터베이스에 없음
1381,데이터베이스에 없음
1382,데이터베이스에 없음
1382,데이터베이스에 없음
1384,데이터베이스에 없음
1384,데이터베이스에 없음
1385,데이터베이스에 없음
1386,데이터베이스에 없음
1389,데이터베이스에 없음
1391,데이터베이스에 없음
1392,데이터베이스에 없음
1393,데이터베이스에 없음
1393,데이터베이스에 없음
1395,데이터베이스에 없음
1398,데이터베이스에 없음
1398,데이터베이스에 없음
1399,데이터베이스에 없음
1402,데이터베이스에 없음
1403,데이터베이스에 없음
1403,데이터베이스에 없음
1404,데이터베이스에 없음
1404,데이터베이스에 없음
1407,데이터베이스에 없음
1407,데이터베이스에 없음
1408,데이터베이스에 없음
1410,데이터베이스에 없음
1413,데이터베이스에 없음
1414,데이터베이스에 없음
1417,데이터베이스에 없음
1417,데이터베이스에 없음
1419,데이터베이스에 없음
1419,데이터베이스에 없음
1420,데이터베이스에 없음
1420,데이터베이스에 없음
1422,데이터베이스에 없음
1422,데이터베이스에 없음
1423,데이터베이스에 없음
1423,데이터베이스에 없음
1424,데이터베이스에 없음
1425,데이터베이스에 없음
1425,데이터베이스에 없음
1429,데이터베이스에 없음
1429,데이터베이스에 없음
1430,데이터베이스에 없음
1431,데이터베이스에 없음
1431,데이터베이스에 없음
1432,데이터베이스에 없음
1432,데이터베이스에 없음
1433,데이터베이스에 없음
1433,데이터베이스에 없음
1434,데이터베이스에 없음
1434,데이터베이스에 없음
1436,데이터베이스에 없음
1437,데이터베이스에 없음
1438,데이터베이스에 없음
1438,데이터베이스에 없음
1439,데이터베이스에 없음
1443,데이터베이스에 없음
1444,데이터베이스에 없음
1445,데이터베이스에 없음
1446,데이터베이스에 없음
1447,데이터베이스에 없음
1447,데이터베이스에 없음
1448,데이터베이스에 없음
1448,데이터베이스에 없음
1449,데이터베이스에 없음
1450,데이터베이스에 없음
1450,데이터베이스에 없음
1451,데이터베이스에 없음
1453,데이터베이스에 없음
1454,데이터베이스에 없음
1458,데이터베이스에 없음
1460,데이터베이스에 없음
1461,데이터베이스에 없음
1462,데이터베이스에 없음
1463,데이터베이스에 없음
1464,데이터베이스에 없음
1465,데이터베이스에 없음
1465,데이터베이스에 없음
1467,데이터베이스에 없음
1468,데이터베이스에 없음
1469,데이터베이스에 없음
1470,데이터베이스에 없음
1471,데이터베이스에 없음
1472,데이터베이스에 없음
1473,데이터베이스에 없음
1474,데이터베이스에 없음
1475,데이터베이스에 없음
1475,데이터베이스에 없음
1476,데이터베이스에 없음
1476,데이터베이스에 없음
1477,데이터베이스에 없음
1477,데이터베이스에 없음
1478,데이터베이스에 없음
1479,데이터베이스에 없음
1479,데이터베이스에 없음
1481,데이터베이스에 없음
1482,데이터베이스에 없음
1482,데이터베이스에 없음
1483,데이터베이스에 없음
1484,데이터베이스에 없음
1485,데이터베이스에 없음
1486,데이터베이스에 없음
1487,데이터베이스에 없음
1489,데이터베이스에 없음
1490,데이터베이스에 없음
1491,데이터베이스에 없음
1492,데이터베이스에 없음
1492,데이터베이스에 없음
1493,데이터베이스에 없음
1495,데이터베이스에 없음
1496,데이터베이스에 없음
1497,데이터베이스에 없음
1497,데이터베이스에 없음
1499,데이터베이스에 없음
1500,데이터베이스에 없음
1500,데이터베이스에 없음
1501,데이터베이스에 없음
1502,데이터베이스에 없음
1504,데이터베이스에 없음
1505,데이터베이스에 없음
1505,데이터베이스에 없음
1506,데이터베이스에 없음
1506,데이터베이스에 없음
1507,데이터베이스에 없음
1509,데이터베이스에 없음
1510,데이터베이스에 없음
1514,데이터베이스에 없음
1515,데이터베이스에 없음
1515,데이터베이스에 없음
1516,데이터베이스에 없음
1518,데이터베이스에 없음
1519,데이터베이스에 없음
1521,데이터베이스에 없음
1521,데이터베이스에 없음
1522,데이터베이스에 없음
1523,데이터베이스에 없음
1523,데이터베이스에 없음
1525,데이터베이스에 없음
1526,데이터베이스에 없음
1529,데이터베이스에 없음
1531,데이터베이스에 없음
1531,데이터베이스에 없음
1532,데이터베이스에 없음
1533,데이터베이스에 없음
1534,데이터베이스에 없음
1535,데이터베이스에 없음
1537,데이터베이스에 없음
1538,데이터베이스에 없음
1542,데이터베이스에 없음
1543,데이터베이스에 없음
1544,데이터베이스에 없음
1545,데이터베이스에 없음
1546,데이터베이스에 없음
1547,데이터베이스에 없음
1548,데이터베이스에 없음
1549,데이터베이스에 없음
1551,데이터베이스에 없음
1552,데이터베이스에 없음
1555,데이터베이스에 없음
1555,데이터베이스에 없음
1556,데이터베이스에 없음
1558,데이터베이스에 없음
1560,데이터베이스에 없음
1561,데이터베이스에 없음
1561,데이터베이스에 없음
1563,데이터베이스에 없음
1565,데이터베이스에 없음
1565,데이터베이스에 없음
1566,데이터베이스에 없음
1567,데이터베이스에 없음
1568,데이터베이스에 없음
1569,데이터베이스에 없음
1569,데이터베이스에 없음
1570,데이터베이스에 없음
1572,데이터베이스에 없음
1574,데이터베이스에 없음
1574,데이터베이스에 없음
1575,데이터베이스에 없음
1576,데이터베이스에 없음
1578,데이터베이스에 없음
1580,데이터베이스에 없음
1580,데이터베이스에 없음
1581,데이터베이스에 없음
1583,데이터베이스에 없음
1584,데이터베이스에 없음
1585,데이터베이스에 없음
1586,데이터베이스에 없음
1586,데이터베이스에 없음
1587,데이터베이스에 없음
1588,데이터베이스에 없음
1590,데이터베이스에 없음
1591,데이터베이스에 없음
1592,데이터베이스에 없음
1592,데이터베이스에 없음
1594,데이터베이스에 없음
1595,데이터베이스에 없음
1596,데이터베이스에 없음
1597,데이터베이스에 없음
1598,데이터베이스에 없음
1599,데이터베이스에 없음
1601,데이터베이스에 없음
1602,데이터베이스에 없음
1604,데이터베이스에 없음
1604,데이터베이스에 없음
1605,데이터베이스에 없음
1606,데이터베이스에 없음
1610,데이터베이스에 없음
1613,데이터베이스에 없음
1614,데이터베이스에 없음
1616,데이터베이스에 없음
1617,데이터베이스에 없음
1618,데이터베이스에 없음
1621,데이터베이스에 없음
1622,데이터베이스에 없음
1624,데이터베이스에 없음
1626,데이터베이스에 없음
1627,데이터베이스에 없음
1628,데이터베이스에 없음
